ID,Oil_Type,Surfactant_Type,Required_HLB,Oil_MW,Surf_HLB,Surf_MW,Smix_Ratio,System_HLB,PDI,Stability_Target
NE_0001,Castor Oil,Tween 20,14.0,933.4,16.7,1227.0,3,13.77,0.173,1
NE_0002,Oleic Acid,Tween 80,17.0,282.5,15.0,1310.0,3,12.5,0.261,0
NE_0003,Oleic Acid,Cremophor EL,17.0,282.5,13.5,2500.0,1,9.25,0.129,0
NE_0004,Miglyol 812,Tween 80,15.0,520.0,15.0,1310.0,1,10.0,0.426,0
NE_0005,Castor Oil,Cremophor EL,14.0,933.4,13.5,2500.0,1,9.25,0.3,0
NE_0006,Capryol 90,Tween 80,11.5,172.2,15.0,1310.0,3,12.5,0.233,1
NE_0007,Oleic Acid,Tween 20,17.0,282.5,16.7,1227.0,3,13.77,0.304,0
NE_0008,Capryol 90,Cremophor EL,11.5,172.2,13.5,2500.0,3,11.38,0.179,1
NE_0009,Castor Oil,Cremophor EL,14.0,933.4,13.5,2500.0,1,9.25,0.363,0
NE_0010,Miglyol 812,Labrasol,15.0,520.0,12.0,450.0,3,10.25,0.347,0
NE_0011,Capryol 90,Tween 20,11.5,172.2,16.7,1227.0,1,10.85,0.271,1
NE_0012,Miglyol 812,Labrasol,15.0,520.0,12.0,450.0,1,8.5,0.351,0
NE_0013,Miglyol 812,Labrasol,15.0,520.0,12.0,450.0,3,10.25,0.289,0
NE_0014,Castor Oil,Labrasol,14.0,933.4,12.0,450.0,3,10.25,0.343,0
NE_0015,Castor Oil,Cremophor EL,14.0,933.4,13.5,2500.0,1,9.25,0.188,0
NE_0016,Castor Oil,Cremophor EL,14.0,933.4,13.5,2500.0,3,11.38,0.367,0
NE_0017,Oleic Acid,Cremophor EL,17.0,282.5,13.5,2500.0,1,9.25,0.441,0
NE_0018,Oleic Acid,Cremophor EL,17.0,282.5,13.5,2500.0,3,11.38,0.296,0
NE_0019,Miglyol 812,Tween 80,15.0,520.0,15.0,1310.0,3,12.5,0.39,0
NE_0020,Castor Oil,Tween 20,14.0,933.4,16.7,1227.0,1,10.85,0.239,0
NE_0021,Castor Oil,Labrasol,14.0,933.4,12.0,450.0,2,9.67,0.175,0
NE_0022,Castor Oil,Tween 80,14.0,933.4,15.0,1310.0,3,12.5,0.122,1
NE_0023,Miglyol 812,Cremophor EL,15.0,520.0,13.5,2500.0,2,10.67,0.216,0
NE_0024,Capryol 90,Tween 80,11.5,172.2,15.0,1310.0,2,11.67,0.299,1
NE_0025,Miglyol 812,Tween 80,15.0,520.0,15.0,1310.0,2,11.67,0.165,0
NE_0026,Miglyol 812,Cremophor EL,15.0,520.0,13.5,2500.0,2,10.67,0.371,0
NE_0027,Capryol 90,Labrasol,11.5,172.2,12.0,450.0,2,9.67,0.273,1
NE_0028,Capryol 90,Tween 20,11.5,172.2,16.7,1227.0,2,12.8,0.261,1
NE_0029,Miglyol 812,Tween 20,15.0,520.0,16.7,1227.0,3,13.77,0.398,0
NE_0030,Oleic Acid,Labrasol,17.0,282.5,12.0,450.0,2,9.67,0.125,0
NE_0031,Castor Oil,Labrasol,14.0,933.4,12.0,450.0,2,9.67,0.262,0
NE_0032,Castor Oil,Labrasol,14.0,933.4,12.0,450.0,2,9.67,0.402,0
NE_0033,Capryol 90,Labrasol,11.5,172.2,12.0,450.0,3,10.25,0.147,1
NE_0034,Capryol 90,Labrasol,11.5,172.2,12.0,450.0,2,9.67,0.434,0
NE_0035,Miglyol 812,Tween 80,15.0,520.0,15.0,1310.0,3,12.5,0.35,0
NE_0036,Oleic Acid,Tween 80,17.0,282.5,15.0,1310.0,2,11.67,0.182,0
NE_0037,Miglyol 812,Cremophor EL,15.0,520.0,13.5,2500.0,3,11.38,0.337,0
NE_0038,Capryol 90,Labrasol,11.5,172.2,12.0,450.0,2,9.67,0.41,0
NE_0039,Miglyol 812,Tween 80,15.0,520.0,15.0,1310.0,1,10.0,0.28,0
NE_0040,Capryol 90,Tween 20,11.5,172.2,16.7,1227.0,2,12.8,0.388,0
NE_0041,Oleic Acid,Tween 20,17.0,282.5,16.7,1227.0,2,12.8,0.333,0
NE_0042,Miglyol 812,Cremophor EL,15.0,520.0,13.5,2500.0,3,11.38,0.312,0
NE_0043,Capryol 90,Labrasol,11.5,172.2,12.0,450.0,3,10.25,0.165,1
NE_0044,Miglyol 812,Cremophor EL,15.0,520.0,13.5,2500.0,3,11.38,0.218,0
NE_0045,Miglyol 812,Labrasol,15.0,520.0,12.0,450.0,2,9.67,0.439,0
NE_0046,Miglyol 812,Tween 20,15.0,520.0,16.7,1227.0,2,12.8,0.232,1
NE_0047,Miglyol 812,Tween 80,15.0,520.0,15.0,1310.0,3,12.5,0.101,0
NE_0048,Castor Oil,Tween 20,14.0,933.4,16.7,1227.0,2,12.8,0.342,0
NE_0049,Capryol 90,Tween 80,11.5,172.2,15.0,1310.0,3,12.5,0.293,1
NE_0050,Capryol 90,Cremophor EL,11.5,172.2,13.5,2500.0,3,11.38,0.329,0
NE_0051,Capryol 90,Tween 20,11.5,172.2,16.7,1227.0,2,12.8,0.424,0
NE_0052,Capryol 90,Labrasol,11.5,172.2,12.0,450.0,1,8.5,0.291,0
NE_0053,Capryol 90,Cremophor EL,11.5,172.2,13.5,2500.0,1,9.25,0.3,1
NE_0054,Capryol 90,Tween 80,11.5,172.2,15.0,1310.0,1,10.0,0.295,1
NE_0055,Miglyol 812,Tween 20,15.0,520.0,16.7,1227.0,1,10.85,0.164,0
NE_0056,Miglyol 812,Tween 80,15.0,520.0,15.0,1310.0,1,10.0,0.116,0
NE_0057,Capryol 90,Tween 80,11.5,172.2,15.0,1310.0,1,10.0,0.318,0
NE_0058,Oleic Acid,Tween 80,17.0,282.5,15.0,1310.0,1,10.0,0.442,0
NE_0059,Capryol 90,Tween 20,11.5,172.2,16.7,1227.0,2,12.8,0.408,0
NE_0060,Miglyol 812,Tween 80,15.0,520.0,15.0,1310.0,1,10.0,0.355,0
NE_0061,Capryol 90,Tween 80,11.5,172.2,15.0,1310.0,1,10.0,0.287,1
NE_0062,Oleic Acid,Tween 20,17.0,282.5,16.7,1227.0,3,13.77,0.237,0
NE_0063,Capryol 90,Tween 20,11.5,172.2,16.7,1227.0,1,10.85,0.382,0
NE_0064,Miglyol 812,Cremophor EL,15.0,520.0,13.5,2500.0,2,10.67,0.123,0
NE_0065,Capryol 90,Tween 20,11.5,172.2,16.7,1227.0,3,13.77,0.169,1
NE_0066,Oleic Acid,Labrasol,17.0,282.5,12.0,450.0,2,9.67,0.146,0
NE_0067,Miglyol 812,Labrasol,15.0,520.0,12.0,450.0,1,8.5,0.401,0
NE_0068,Castor Oil,Tween 20,14.0,933.4,16.7,1227.0,1,10.85,0.144,0
NE_0069,Miglyol 812,Labrasol,15.0,520.0,12.0,450.0,3,10.25,0.295,0
NE_0070,Miglyol 812,Labrasol,15.0,520.0,12.0,450.0,2,9.67,0.376,0
NE_0071,Miglyol 812,Tween 20,15.0,520.0,16.7,1227.0,2,12.8,0.13,1
NE_0072,Oleic Acid,Cremophor EL,17.0,282.5,13.5,2500.0,2,10.67,0.3,0
NE_0073,Oleic Acid,Tween 80,17.0,282.5,15.0,1310.0,3,12.5,0.1,0
NE_0074,Capryol 90,Cremophor EL,11.5,172.2,13.5,2500.0,1,9.25,0.315,0
NE_0075,Oleic Acid,Labrasol,17.0,282.5,12.0,450.0,3,10.25,0.379,0
NE_0076,Capryol 90,Tween 80,11.5,172.2,15.0,1310.0,3,12.5,0.245,1
NE_0077,Oleic Acid,Labrasol,17.0,282.5,12.0,450.0,3,10.25,0.442,0
NE_0078,Miglyol 812,Cremophor EL,15.0,520.0,13.5,2500.0,2,10.67,0.197,0
NE_0079,Oleic Acid,Cremophor EL,17.0,282.5,13.5,2500.0,3,11.38,0.301,0
NE_0080,Capryol 90,Tween 80,11.5,172.2,15.0,1310.0,1,10.0,0.372,0
NE_0081,Capryol 90,Tween 80,11.5,172.2,15.0,1310.0,2,11.67,0.349,0
NE_0082,Castor Oil,Cremophor EL,14.0,933.4,13.5,2500.0,3,11.38,0.243,0
NE_0083,Miglyol 812,Tween 80,15.0,520.0,15.0,1310.0,2,11.67,0.232,0
NE_0084,Castor Oil,Cremophor EL,14.0,933.4,13.5,2500.0,3,11.38,0.323,0
NE_0085,Castor Oil,Labrasol,14.0,933.4,12.0,450.0,1,8.5,0.238,0
NE_0086,Miglyol 812,Tween 80,15.0,520.0,15.0,1310.0,1,10.0,0.217,0
NE_0087,Miglyol 812,Tween 80,15.0,520.0,15.0,1310.0,1,10.0,0.388,0
NE_0088,Oleic Acid,Labrasol,17.0,282.5,12.0,450.0,3,10.25,0.144,0
NE_0089,Castor Oil,Labrasol,14.0,933.4,12.0,450.0,3,10.25,0.134,0
NE_0090,Castor Oil,Cremophor EL,14.0,933.4,13.5,2500.0,3,11.38,0.265,0
NE_0091,Oleic Acid,Cremophor EL,17.0,282.5,13.5,2500.0,3,11.38,0.135,0
NE_0092,Capryol 90,Tween 80,11.5,172.2,15.0,1310.0,2,11.67,0.155,1
NE_0093,Miglyol 812,Cremophor EL,15.0,520.0,13.5,2500.0,2,10.67,0.109,0
NE_0094,Miglyol 812,Cremophor EL,15.0,520.0,13.5,2500.0,2,10.67,0.34,0
NE_0095,Capryol 90,Tween 80,11.5,172.2,15.0,1310.0,1,10.0,0.328,0
NE_0096,Castor Oil,Tween 20,14.0,933.4,16.7,1227.0,1,10.85,0.353,0
NE_0097,Oleic Acid,Labrasol,17.0,282.5,12.0,450.0,1,8.5,0.373,0
NE_0098,Capryol 90,Tween 80,11.5,172.2,15.0,1310.0,1,10.0,0.45,0
NE_0099,Oleic Acid,Tween 80,17.0,282.5,15.0,1310.0,3,12.5,0.19,0
NE_0100,Castor Oil,Labrasol,14.0,933.4,12.0,450.0,2,9.67,0.19,0
NE_0101,Oleic Acid,Labrasol,17.0,282.5,12.0,450.0,1,8.5,0.127,0
NE_0102,Castor Oil,Tween 80,14.0,933.4,15.0,1310.0,2,11.67,0.122,1
NE_0103,Castor Oil,Labrasol,14.0,933.4,12.0,450.0,1,8.5,0.274,0
NE_0104,Miglyol 812,Tween 20,15.0,520.0,16.7,1227.0,2,12.8,0.181,1
NE_0105,Capryol 90,Cremophor EL,11.5,172.2,13.5,2500.0,1,9.25,0.374,0
NE_0106,Oleic Acid,Tween 80,17.0,282.5,15.0,1310.0,1,10.0,0.386,0
NE_0107,Oleic Acid,Labrasol,17.0,282.5,12.0,450.0,1,8.5,0.357,0
NE_0108,Oleic Acid,Labrasol,17.0,282.5,12.0,450.0,1,8.5,0.196,0
NE_0109,Capryol 90,Tween 20,11.5,172.2,16.7,1227.0,3,13.77,0.431,0
NE_0110,Capryol 90,Labrasol,11.5,172.2,12.0,450.0,3,10.25,0.445,0
NE_0111,Miglyol 812,Labrasol,15.0,520.0,12.0,450.0,2,9.67,0.221,0
NE_0112,Miglyol 812,Labrasol,15.0,520.0,12.0,450.0,3,10.25,0.19,0
NE_0113,Castor Oil,Tween 80,14.0,933.4,15.0,1310.0,3,12.5,0.386,0
NE_0114,Castor Oil,Tween 20,14.0,933.4,16.7,1227.0,3,13.77,0.369,0
NE_0115,Capryol 90,Tween 20,11.5,172.2,16.7,1227.0,1,10.85,0.24,1
NE_0116,Oleic Acid,Tween 20,17.0,282.5,16.7,1227.0,1,10.85,0.372,0
NE_0117,Oleic Acid,Tween 80,17.0,282.5,15.0,1310.0,1,10.0,0.235,0
NE_0118,Miglyol 812,Tween 80,15.0,520.0,15.0,1310.0,1,10.0,0.12,0
NE_0119,Capryol 90,Tween 80,11.5,172.2,15.0,1310.0,2,11.67,0.339,0
NE_0120,Oleic Acid,Tween 80,17.0,282.5,15.0,1310.0,2,11.67,0.162,0
NE_0121,Miglyol 812,Tween 20,15.0,520.0,16.7,1227.0,3,13.77,0.349,0
NE_0122,Miglyol 812,Tween 80,15.0,520.0,15.0,1310.0,1,10.0,0.435,0
NE_0123,Miglyol 812,Labrasol,15.0,520.0,12.0,450.0,2,9.67,0.337,0
NE_0124,Capryol 90,Tween 80,11.5,172.2,15.0,1310.0,3,12.5,0.235,1
NE_0125,Miglyol 812,Labrasol,15.0,520.0,12.0,450.0,1,8.5,0.185,0
NE_0126,Capryol 90,Labrasol,11.5,172.2,12.0,450.0,1,8.5,0.117,0
NE_0127,Castor Oil,Labrasol,14.0,933.4,12.0,450.0,2,9.67,0.306,0
NE_0128,Castor Oil,Cremophor EL,14.0,933.4,13.5,2500.0,1,9.25,0.374,0
NE_0129,Oleic Acid,Tween 80,17.0,282.5,15.0,1310.0,2,11.67,0.111,0
NE_0130,Capryol 90,Labrasol,11.5,172.2,12.0,450.0,3,10.25,0.339,0
NE_0131,Capryol 90,Cremophor EL,11.5,172.2,13.5,2500.0,1,9.25,0.364,0
NE_0132,Miglyol 812,Tween 80,15.0,520.0,15.0,1310.0,1,10.0,0.269,0
NE_0133,Oleic Acid,Tween 80,17.0,282.5,15.0,1310.0,1,10.0,0.111,0
NE_0134,Miglyol 812,Cremophor EL,15.0,520.0,13.5,2500.0,3,11.38,0.305,0
NE_0135,Capryol 90,Tween 20,11.5,172.2,16.7,1227.0,1,10.85,0.448,0
NE_0136,Miglyol 812,Tween 20,15.0,520.0,16.7,1227.0,3,13.77,0.24,1
NE_0137,Castor Oil,Tween 80,14.0,933.4,15.0,1310.0,1,10.0,0.162,0
NE_0138,Oleic Acid,Labrasol,17.0,282.5,12.0,450.0,2,9.67,0.358,0
NE_0139,Oleic Acid,Tween 20,17.0,282.5,16.7,1227.0,1,10.85,0.41,0
NE_0140,Capryol 90,Labrasol,11.5,172.2,12.0,450.0,1,8.5,0.313,0
NE_0141,Castor Oil,Tween 20,14.0,933.4,16.7,1227.0,2,12.8,0.123,1
NE_0142,Miglyol 812,Tween 20,15.0,520.0,16.7,1227.0,1,10.85,0.36,0
NE_0143,Capryol 90,Tween 80,11.5,172.2,15.0,1310.0,3,12.5,0.357,0
NE_0144,Capryol 90,Tween 20,11.5,172.2,16.7,1227.0,1,10.85,0.101,1
NE_0145,Capryol 90,Cremophor EL,11.5,172.2,13.5,2500.0,2,10.67,0.23,1
NE_0146,Castor Oil,Labrasol,14.0,933.4,12.0,450.0,2,9.67,0.434,0
NE_0147,Castor Oil,Tween 20,14.0,933.4,16.7,1227.0,1,10.85,0.32,0
NE_0148,Oleic Acid,Labrasol,17.0,282.5,12.0,450.0,3,10.25,0.202,0
NE_0149,Oleic Acid,Cremophor EL,17.0,282.5,13.5,2500.0,2,10.67,0.27,0
NE_0150,Miglyol 812,Cremophor EL,15.0,520.0,13.5,2500.0,1,9.25,0.284,0
NE_0151,Castor Oil,Tween 80,14.0,933.4,15.0,1310.0,1,10.0,0.366,0
NE_0152,Capryol 90,Tween 80,11.5,172.2,15.0,1310.0,1,10.0,0.231,1
NE_0153,Capryol 90,Labrasol,11.5,172.2,12.0,450.0,2,9.67,0.233,1
NE_0154,Capryol 90,Cremophor EL,11.5,172.2,13.5,2500.0,1,9.25,0.404,0
NE_0155,Oleic Acid,Tween 80,17.0,282.5,15.0,1310.0,1,10.0,0.14,0
NE_0156,Oleic Acid,Tween 80,17.0,282.5,15.0,1310.0,1,10.0,0.433,0
NE_0157,Oleic Acid,Tween 80,17.0,282.5,15.0,1310.0,1,10.0,0.11,0
NE_0158,Castor Oil,Labrasol,14.0,933.4,12.0,450.0,1,8.5,0.384,0
NE_0159,Capryol 90,Tween 20,11.5,172.2,16.7,1227.0,1,10.85,0.349,0
NE_0160,Oleic Acid,Cremophor EL,17.0,282.5,13.5,2500.0,2,10.67,0.209,0
NE_0161,Oleic Acid,Tween 80,17.0,282.5,15.0,1310.0,1,10.0,0.289,0
NE_0162,Oleic Acid,Labrasol,17.0,282.5,12.0,450.0,2,9.67,0.348,0
NE_0163,Castor Oil,Labrasol,14.0,933.4,12.0,450.0,2,9.67,0.387,0
NE_0164,Miglyol 812,Tween 20,15.0,520.0,16.7,1227.0,3,13.77,0.14,1
NE_0165,Miglyol 812,Tween 80,15.0,520.0,15.0,1310.0,1,10.0,0.404,0
NE_0166,Oleic Acid,Labrasol,17.0,282.5,12.0,450.0,2,9.67,0.342,0
NE_0167,Oleic Acid,Cremophor EL,17.0,282.5,13.5,2500.0,1,9.25,0.375,0
NE_0168,Capryol 90,Labrasol,11.5,172.2,12.0,450.0,3,10.25,0.252,1
NE_0169,Oleic Acid,Tween 20,17.0,282.5,16.7,1227.0,1,10.85,0.307,0
NE_0170,Castor Oil,Labrasol,14.0,933.4,12.0,450.0,1,8.5,0.39,0
NE_0171,Castor Oil,Cremophor EL,14.0,933.4,13.5,2500.0,3,11.38,0.15,0
NE_0172,Capryol 90,Tween 20,11.5,172.2,16.7,1227.0,1,10.85,0.308,0
NE_0173,Capryol 90,Cremophor EL,11.5,172.2,13.5,2500.0,3,11.38,0.423,0
NE_0174,Miglyol 812,Labrasol,15.0,520.0,12.0,450.0,2,9.67,0.303,0
NE_0175,Castor Oil,Labrasol,14.0,933.4,12.0,450.0,2,9.67,0.172,0
NE_0176,Oleic Acid,Cremophor EL,17.0,282.5,13.5,2500.0,1,9.25,0.264,0
NE_0177,Miglyol 812,Cremophor EL,15.0,520.0,13.5,2500.0,2,10.67,0.438,0
NE_0178,Castor Oil,Labrasol,14.0,933.4,12.0,450.0,1,8.5,0.296,0
NE_0179,Miglyol 812,Tween 80,15.0,520.0,15.0,1310.0,2,11.67,0.21,0
NE_0180,Miglyol 812,Tween 20,15.0,520.0,16.7,1227.0,1,10.85,0.384,0
NE_0181,Capryol 90,Tween 80,11.5,172.2,15.0,1310.0,2,11.67,0.239,1
NE_0182,Miglyol 812,Tween 80,15.0,520.0,15.0,1310.0,1,10.0,0.224,0
NE_0183,Capryol 90,Labrasol,11.5,172.2,12.0,450.0,3,10.25,0.413,0
NE_0184,Oleic Acid,Labrasol,17.0,282.5,12.0,450.0,2,9.67,0.333,0
NE_0185,Miglyol 812,Tween 20,15.0,520.0,16.7,1227.0,1,10.85,0.185,0
NE_0186,Oleic Acid,Tween 80,17.0,282.5,15.0,1310.0,2,11.67,0.307,0
NE_0187,Miglyol 812,Cremophor EL,15.0,520.0,13.5,2500.0,2,10.67,0.398,0
NE_0188,Capryol 90,Tween 80,11.5,172.2,15.0,1310.0,3,12.5,0.263,1
NE_0189,Capryol 90,Labrasol,11.5,172.2,12.0,450.0,1,8.5,0.354,0
NE_0190,Capryol 90,Tween 20,11.5,172.2,16.7,1227.0,3,13.77,0.121,1
NE_0191,Miglyol 812,Cremophor EL,15.0,520.0,13.5,2500.0,2,10.67,0.348,0
NE_0192,Capryol 90,Tween 80,11.5,172.2,15.0,1310.0,3,12.5,0.109,1
NE_0193,Miglyol 812,Cremophor EL,15.0,520.0,13.5,2500.0,2,10.67,0.378,0
NE_0194,Capryol 90,Tween 80,11.5,172.2,15.0,1310.0,2,11.67,0.15,1
NE_0195,Miglyol 812,Labrasol,15.0,520.0,12.0,450.0,2,9.67,0.156,0
NE_0196,Capryol 90,Tween 20,11.5,172.2,16.7,1227.0,1,10.85,0.34,0
NE_0197,Castor Oil,Cremophor EL,14.0,933.4,13.5,2500.0,1,9.25,0.202,0
NE_0198,Miglyol 812,Tween 80,15.0,520.0,15.0,1310.0,3,12.5,0.342,0
NE_0199,Castor Oil,Labrasol,14.0,933.4,12.0,450.0,2,9.67,0.367,0
NE_0200,Capryol 90,Tween 80,11.5,172.2,15.0,1310.0,1,10.0,0.273,1
NE_0201,Capryol 90,Cremophor EL,11.5,172.2,13.5,2500.0,1,9.25,0.119,1
NE_0202,Capryol 90,Cremophor EL,11.5,172.2,13.5,2500.0,1,9.25,0.384,0
NE_0203,Capryol 90,Tween 80,11.5,172.2,15.0,1310.0,3,12.5,0.412,0
NE_0204,Miglyol 812,Cremophor EL,15.0,520.0,13.5,2500.0,2,10.67,0.118,0
NE_0205,Oleic Acid,Tween 80,17.0,282.5,15.0,1310.0,2,11.67,0.399,0
NE_0206,Miglyol 812,Tween 20,15.0,520.0,16.7,1227.0,1,10.85,0.359,0
NE_0207,Miglyol 812,Cremophor EL,15.0,520.0,13.5,2500.0,1,9.25,0.292,0
NE_0208,Castor Oil,Labrasol,14.0,933.4,12.0,450.0,2,9.67,0.363,0
NE_0209,Castor Oil,Tween 20,14.0,933.4,16.7,1227.0,1,10.85,0.222,0
NE_0210,Capryol 90,Tween 80,11.5,172.2,15.0,1310.0,2,11.67,0.44,0
NE_0211,Oleic Acid,Tween 80,17.0,282.5,15.0,1310.0,1,10.0,0.17,0
NE_0212,Oleic Acid,Tween 80,17.0,282.5,15.0,1310.0,1,10.0,0.378,0
NE_0213,Capryol 90,Labrasol,11.5,172.2,12.0,450.0,2,9.67,0.4,0
NE_0214,Miglyol 812,Tween 20,15.0,520.0,16.7,1227.0,1,10.85,0.244,0
NE_0215,Capryol 90,Tween 80,11.5,172.2,15.0,1310.0,3,12.5,0.325,0
NE_0216,Castor Oil,Tween 80,14.0,933.4,15.0,1310.0,3,12.5,0.129,1
NE_0217,Oleic Acid,Tween 80,17.0,282.5,15.0,1310.0,3,12.5,0.391,0
NE_0218,Castor Oil,Cremophor EL,14.0,933.4,13.5,2500.0,2,10.67,0.186,0
NE_0219,Miglyol 812,Tween 80,15.0,520.0,15.0,1310.0,1,10.0,0.41,0
NE_0220,Castor Oil,Labrasol,14.0,933.4,12.0,450.0,2,9.67,0.383,0
NE_0221,Capryol 90,Tween 80,11.5,172.2,15.0,1310.0,1,10.0,0.151,1
NE_0222,Miglyol 812,Cremophor EL,15.0,520.0,13.5,2500.0,3,11.38,0.336,0
NE_0223,Capryol 90,Tween 80,11.5,172.2,15.0,1310.0,2,11.67,0.371,0
NE_0224,Oleic Acid,Tween 20,17.0,282.5,16.7,1227.0,2,12.8,0.161,0
NE_0225,Castor Oil,Tween 20,14.0,933.4,16.7,1227.0,1,10.85,0.406,0
NE_0226,Oleic Acid,Cremophor EL,17.0,282.5,13.5,2500.0,1,9.25,0.368,0
NE_0227,Miglyol 812,Cremophor EL,15.0,520.0,13.5,2500.0,1,9.25,0.161,0
NE_0228,Castor Oil,Labrasol,14.0,933.4,12.0,450.0,1,8.5,0.4,0
NE_0229,Oleic Acid,Labrasol,17.0,282.5,12.0,450.0,3,10.25,0.162,0
NE_0230,Capryol 90,Tween 20,11.5,172.2,16.7,1227.0,1,10.85,0.338,0
NE_0231,Miglyol 812,Labrasol,15.0,520.0,12.0,450.0,1,8.5,0.143,0
NE_0232,Oleic Acid,Tween 20,17.0,282.5,16.7,1227.0,2,12.8,0.253,0
NE_0233,Castor Oil,Cremophor EL,14.0,933.4,13.5,2500.0,2,10.67,0.349,0
NE_0234,Miglyol 812,Cremophor EL,15.0,520.0,13.5,2500.0,3,11.38,0.182,0
NE_0235,Oleic Acid,Cremophor EL,17.0,282.5,13.5,2500.0,3,11.38,0.438,0
NE_0236,Capryol 90,Cremophor EL,11.5,172.2,13.5,2500.0,3,11.38,0.432,0
NE_0237,Castor Oil,Tween 80,14.0,933.4,15.0,1310.0,3,12.5,0.293,1
NE_0238,Capryol 90,Tween 20,11.5,172.2,16.7,1227.0,2,12.8,0.292,1
NE_0239,Capryol 90,Tween 20,11.5,172.2,16.7,1227.0,3,13.77,0.134,1
NE_0240,Oleic Acid,Labrasol,17.0,282.5,12.0,450.0,2,9.67,0.315,0
NE_0241,Oleic Acid,Tween 80,17.0,282.5,15.0,1310.0,2,11.67,0.178,0
NE_0242,Capryol 90,Cremophor EL,11.5,172.2,13.5,2500.0,1,9.25,0.342,0
NE_0243,Castor Oil,Tween 80,14.0,933.4,15.0,1310.0,1,10.0,0.346,0
NE_0244,Castor Oil,Labrasol,14.0,933.4,12.0,450.0,2,9.67,0.418,0
NE_0245,Miglyol 812,Tween 20,15.0,520.0,16.7,1227.0,1,10.85,0.119,0
NE_0246,Capryol 90,Tween 20,11.5,172.2,16.7,1227.0,1,10.85,0.154,1
NE_0247,Oleic Acid,Tween 80,17.0,282.5,15.0,1310.0,2,11.67,0.241,0
NE_0248,Capryol 90,Labrasol,11.5,172.2,12.0,450.0,1,8.5,0.232,0
NE_0249,Capryol 90,Labrasol,11.5,172.2,12.0,450.0,1,8.5,0.158,0
NE_0250,Miglyol 812,Labrasol,15.0,520.0,12.0,450.0,1,8.5,0.375,0
NE_0251,Capryol 90,Tween 20,11.5,172.2,16.7,1227.0,3,13.77,0.426,0
NE_0252,Miglyol 812,Tween 20,15.0,520.0,16.7,1227.0,1,10.85,0.281,0
NE_0253,Castor Oil,Labrasol,14.0,933.4,12.0,450.0,3,10.25,0.359,0
NE_0254,Capryol 90,Tween 80,11.5,172.2,15.0,1310.0,1,10.0,0.25,1
NE_0255,Miglyol 812,Labrasol,15.0,520.0,12.0,450.0,2,9.67,0.337,0
NE_0256,Oleic Acid,Cremophor EL,17.0,282.5,13.5,2500.0,1,9.25,0.101,0
NE_0257,Capryol 90,Tween 80,11.5,172.2,15.0,1310.0,1,10.0,0.204,1
NE_0258,Castor Oil,Labrasol,14.0,933.4,12.0,450.0,3,10.25,0.273,0
NE_0259,Castor Oil,Tween 80,14.0,933.4,15.0,1310.0,1,10.0,0.431,0
NE_0260,Castor Oil,Tween 20,14.0,933.4,16.7,1227.0,1,10.85,0.276,0
NE_0261,Miglyol 812,Labrasol,15.0,520.0,12.0,450.0,1,8.5,0.383,0
NE_0262,Castor Oil,Tween 80,14.0,933.4,15.0,1310.0,2,11.67,0.232,1
NE_0263,Capryol 90,Tween 80,11.5,172.2,15.0,1310.0,3,12.5,0.419,0
NE_0264,Castor Oil,Tween 20,14.0,933.4,16.7,1227.0,2,12.8,0.231,1
NE_0265,Oleic Acid,Tween 80,17.0,282.5,15.0,1310.0,2,11.67,0.386,0
NE_0266,Oleic Acid,Tween 80,17.0,282.5,15.0,1310.0,1,10.0,0.411,0
NE_0267,Castor Oil,Cremophor EL,14.0,933.4,13.5,2500.0,3,11.38,0.159,0
NE_0268,Miglyol 812,Tween 20,15.0,520.0,16.7,1227.0,2,12.8,0.379,0
NE_0269,Capryol 90,Tween 20,11.5,172.2,16.7,1227.0,1,10.85,0.183,1
NE_0270,Castor Oil,Labrasol,14.0,933.4,12.0,450.0,3,10.25,0.378,0
NE_0271,Oleic Acid,Labrasol,17.0,282.5,12.0,450.0,1,8.5,0.194,0
NE_0272,Castor Oil,Labrasol,14.0,933.4,12.0,450.0,1,8.5,0.263,0
NE_0273,Miglyol 812,Tween 80,15.0,520.0,15.0,1310.0,2,11.67,0.378,0
NE_0274,Capryol 90,Labrasol,11.5,172.2,12.0,450.0,1,8.5,0.447,0
NE_0275,Capryol 90,Tween 80,11.5,172.2,15.0,1310.0,3,12.5,0.27,1
NE_0276,Oleic Acid,Cremophor EL,17.0,282.5,13.5,2500.0,1,9.25,0.349,0
NE_0277,Capryol 90,Tween 20,11.5,172.2,16.7,1227.0,3,13.77,0.389,0
NE_0278,Oleic Acid,Cremophor EL,17.0,282.5,13.5,2500.0,3,11.38,0.267,0
NE_0279,Oleic Acid,Tween 20,17.0,282.5,16.7,1227.0,2,12.8,0.377,0
NE_0280,Oleic Acid,Labrasol,17.0,282.5,12.0,450.0,2,9.67,0.127,0
NE_0281,Oleic Acid,Cremophor EL,17.0,282.5,13.5,2500.0,1,9.25,0.155,0
NE_0282,Castor Oil,Cremophor EL,14.0,933.4,13.5,2500.0,3,11.38,0.136,0
NE_0283,Castor Oil,Tween 80,14.0,933.4,15.0,1310.0,2,11.67,0.122,1
NE_0284,Castor Oil,Tween 20,14.0,933.4,16.7,1227.0,3,13.77,0.13,1
NE_0285,Castor Oil,Cremophor EL,14.0,933.4,13.5,2500.0,1,9.25,0.296,0
NE_0286,Capryol 90,Tween 80,11.5,172.2,15.0,1310.0,1,10.0,0.277,1
NE_0287,Castor Oil,Labrasol,14.0,933.4,12.0,450.0,3,10.25,0.115,0
NE_0288,Miglyol 812,Tween 80,15.0,520.0,15.0,1310.0,3,12.5,0.432,0
NE_0289,Oleic Acid,Labrasol,17.0,282.5,12.0,450.0,1,8.5,0.28,0
NE_0290,Capryol 90,Tween 80,11.5,172.2,15.0,1310.0,1,10.0,0.149,1
NE_0291,Castor Oil,Tween 20,14.0,933.4,16.7,1227.0,2,12.8,0.202,1
NE_0292,Capryol 90,Tween 20,11.5,172.2,16.7,1227.0,2,12.8,0.132,1
NE_0293,Oleic Acid,Tween 20,17.0,282.5,16.7,1227.0,1,10.85,0.44,0
NE_0294,Capryol 90,Labrasol,11.5,172.2,12.0,450.0,2,9.67,0.306,0
NE_0295,Capryol 90,Tween 20,11.5,172.2,16.7,1227.0,1,10.85,0.353,0
NE_0296,Capryol 90,Cremophor EL,11.5,172.2,13.5,2500.0,2,10.67,0.426,0
NE_0297,Oleic Acid,Labrasol,17.0,282.5,12.0,450.0,3,10.25,0.369,0
NE_0298,Castor Oil,Tween 20,14.0,933.4,16.7,1227.0,3,13.77,0.319,0
NE_0299,Oleic Acid,Tween 20,17.0,282.5,16.7,1227.0,2,12.8,0.19,0
NE_0300,Oleic Acid,Cremophor EL,17.0,282.5,13.5,2500.0,2,10.67,0.185,0
NE_0301,Capryol 90,Cremophor EL,11.5,172.2,13.5,2500.0,1,9.25,0.45,0
NE_0302,Oleic Acid,Cremophor EL,17.0,282.5,13.5,2500.0,1,9.25,0.438,0
NE_0303,Oleic Acid,Tween 80,17.0,282.5,15.0,1310.0,3,12.5,0.372,0
NE_0304,Oleic Acid,Tween 20,17.0,282.5,16.7,1227.0,1,10.85,0.426,0
NE_0305,Castor Oil,Cremophor EL,14.0,933.4,13.5,2500.0,3,11.38,0.333,0
NE_0306,Miglyol 812,Tween 80,15.0,520.0,15.0,1310.0,3,12.5,0.164,0
NE_0307,Miglyol 812,Tween 80,15.0,520.0,15.0,1310.0,2,11.67,0.357,0
NE_0308,Oleic Acid,Tween 80,17.0,282.5,15.0,1310.0,1,10.0,0.197,0
NE_0309,Capryol 90,Cremophor EL,11.5,172.2,13.5,2500.0,3,11.38,0.107,1
NE_0310,Oleic Acid,Labrasol,17.0,282.5,12.0,450.0,1,8.5,0.11,0
NE_0311,Castor Oil,Labrasol,14.0,933.4,12.0,450.0,3,10.25,0.108,0
NE_0312,Castor Oil,Labrasol,14.0,933.4,12.0,450.0,1,8.5,0.35,0
NE_0313,Oleic Acid,Tween 20,17.0,282.5,16.7,1227.0,2,12.8,0.279,0
NE_0314,Capryol 90,Labrasol,11.5,172.2,12.0,450.0,3,10.25,0.19,1
NE_0315,Miglyol 812,Cremophor EL,15.0,520.0,13.5,2500.0,2,10.67,0.136,0
NE_0316,Capryol 90,Tween 20,11.5,172.2,16.7,1227.0,2,12.8,0.128,1
NE_0317,Miglyol 812,Tween 20,15.0,520.0,16.7,1227.0,1,10.85,0.254,0
NE_0318,Miglyol 812,Tween 80,15.0,520.0,15.0,1310.0,1,10.0,0.332,0
NE_0319,Capryol 90,Cremophor EL,11.5,172.2,13.5,2500.0,1,9.25,0.284,1
NE_0320,Castor Oil,Labrasol,14.0,933.4,12.0,450.0,2,9.67,0.279,0
NE_0321,Castor Oil,Labrasol,14.0,933.4,12.0,450.0,3,10.25,0.127,0
NE_0322,Miglyol 812,Tween 20,15.0,520.0,16.7,1227.0,3,13.77,0.349,0
NE_0323,Capryol 90,Tween 20,11.5,172.2,16.7,1227.0,2,12.8,0.109,1
NE_0324,Oleic Acid,Tween 80,17.0,282.5,15.0,1310.0,3,12.5,0.166,0
NE_0325,Oleic Acid,Labrasol,17.0,282.5,12.0,450.0,1,8.5,0.427,0
NE_0326,Miglyol 812,Cremophor EL,15.0,520.0,13.5,2500.0,2,10.67,0.361,0
NE_0327,Capryol 90,Tween 80,11.5,172.2,15.0,1310.0,2,11.67,0.343,0
NE_0328,Oleic Acid,Tween 20,17.0,282.5,16.7,1227.0,2,12.8,0.297,0
NE_0329,Oleic Acid,Tween 80,17.0,282.5,15.0,1310.0,3,12.5,0.155,0
NE_0330,Capryol 90,Labrasol,11.5,172.2,12.0,450.0,1,8.5,0.191,0
NE_0331,Miglyol 812,Cremophor EL,15.0,520.0,13.5,2500.0,2,10.67,0.129,0
NE_0332,Capryol 90,Tween 20,11.5,172.2,16.7,1227.0,1,10.85,0.113,1
NE_0333,Capryol 90,Tween 20,11.5,172.2,16.7,1227.0,2,12.8,0.408,0
NE_0334,Oleic Acid,Tween 20,17.0,282.5,16.7,1227.0,2,12.8,0.403,0
NE_0335,Capryol 90,Labrasol,11.5,172.2,12.0,450.0,2,9.67,0.202,1
NE_0336,Oleic Acid,Tween 20,17.0,282.5,16.7,1227.0,1,10.85,0.278,0
NE_0337,Capryol 90,Cremophor EL,11.5,172.2,13.5,2500.0,2,10.67,0.31,0
NE_0338,Miglyol 812,Labrasol,15.0,520.0,12.0,450.0,2,9.67,0.419,0
NE_0339,Capryol 90,Cremophor EL,11.5,172.2,13.5,2500.0,2,10.67,0.275,1
NE_0340,Capryol 90,Tween 80,11.5,172.2,15.0,1310.0,1,10.0,0.248,1
NE_0341,Castor Oil,Tween 80,14.0,933.4,15.0,1310.0,1,10.0,0.303,0
NE_0342,Capryol 90,Tween 20,11.5,172.2,16.7,1227.0,1,10.85,0.293,1
NE_0343,Castor Oil,Labrasol,14.0,933.4,12.0,450.0,1,8.5,0.161,0
NE_0344,Miglyol 812,Tween 80,15.0,520.0,15.0,1310.0,2,11.67,0.35,0
NE_0345,Castor Oil,Tween 20,14.0,933.4,16.7,1227.0,3,13.77,0.253,1
NE_0346,Castor Oil,Labrasol,14.0,933.4,12.0,450.0,1,8.5,0.173,0
NE_0347,Capryol 90,Tween 80,11.5,172.2,15.0,1310.0,3,12.5,0.399,0
NE_0348,Capryol 90,Tween 80,11.5,172.2,15.0,1310.0,1,10.0,0.278,1
NE_0349,Capryol 90,Tween 20,11.5,172.2,16.7,1227.0,1,10.85,0.389,0
NE_0350,Castor Oil,Cremophor EL,14.0,933.4,13.5,2500.0,2,10.67,0.27,0
NE_0351,Capryol 90,Cremophor EL,11.5,172.2,13.5,2500.0,1,9.25,0.114,1
NE_0352,Capryol 90,Labrasol,11.5,172.2,12.0,450.0,2,9.67,0.243,1
NE_0353,Capryol 90,Tween 20,11.5,172.2,16.7,1227.0,3,13.77,0.382,0
NE_0354,Capryol 90,Cremophor EL,11.5,172.2,13.5,2500.0,1,9.25,0.439,0
NE_0355,Miglyol 812,Tween 20,15.0,520.0,16.7,1227.0,3,13.77,0.331,0
NE_0356,Miglyol 812,Cremophor EL,15.0,520.0,13.5,2500.0,1,9.25,0.282,0
NE_0357,Capryol 90,Tween 20,11.5,172.2,16.7,1227.0,3,13.77,0.303,0
NE_0358,Castor Oil,Tween 20,14.0,933.4,16.7,1227.0,3,13.77,0.228,1
NE_0359,Oleic Acid,Cremophor EL,17.0,282.5,13.5,2500.0,1,9.25,0.212,0
NE_0360,Oleic Acid,Tween 80,17.0,282.5,15.0,1310.0,1,10.0,0.225,0
NE_0361,Miglyol 812,Labrasol,15.0,520.0,12.0,450.0,1,8.5,0.313,0
NE_0362,Capryol 90,Cremophor EL,11.5,172.2,13.5,2500.0,3,11.38,0.107,1
NE_0363,Oleic Acid,Cremophor EL,17.0,282.5,13.5,2500.0,3,11.38,0.114,0
NE_0364,Oleic Acid,Labrasol,17.0,282.5,12.0,450.0,2,9.67,0.151,0
NE_0365,Oleic Acid,Cremophor EL,17.0,282.5,13.5,2500.0,3,11.38,0.158,0
NE_0366,Capryol 90,Labrasol,11.5,172.2,12.0,450.0,1,8.5,0.365,0
NE_0367,Miglyol 812,Labrasol,15.0,520.0,12.0,450.0,3,10.25,0.228,0
NE_0368,Miglyol 812,Labrasol,15.0,520.0,12.0,450.0,1,8.5,0.201,0
NE_0369,Oleic Acid,Tween 80,17.0,282.5,15.0,1310.0,3,12.5,0.343,0
NE_0370,Castor Oil,Tween 80,14.0,933.4,15.0,1310.0,2,11.67,0.143,1
NE_0371,Castor Oil,Cremophor EL,14.0,933.4,13.5,2500.0,3,11.38,0.447,0
NE_0372,Oleic Acid,Tween 20,17.0,282.5,16.7,1227.0,1,10.85,0.188,0
NE_0373,Castor Oil,Labrasol,14.0,933.4,12.0,450.0,2,9.67,0.136,0
NE_0374,Capryol 90,Tween 20,11.5,172.2,16.7,1227.0,3,13.77,0.128,1
NE_0375,Castor Oil,Labrasol,14.0,933.4,12.0,450.0,3,10.25,0.134,0
NE_0376,Miglyol 812,Labrasol,15.0,520.0,12.0,450.0,2,9.67,0.194,0
NE_0377,Capryol 90,Labrasol,11.5,172.2,12.0,450.0,3,10.25,0.203,1
NE_0378,Capryol 90,Tween 80,11.5,172.2,15.0,1310.0,3,12.5,0.399,0
NE_0379,Castor Oil,Labrasol,14.0,933.4,12.0,450.0,2,9.67,0.156,0
NE_0380,Oleic Acid,Cremophor EL,17.0,282.5,13.5,2500.0,1,9.25,0.378,0
NE_0381,Castor Oil,Labrasol,14.0,933.4,12.0,450.0,1,8.5,0.141,0
NE_0382,Oleic Acid,Labrasol,17.0,282.5,12.0,450.0,2,9.67,0.182,0
NE_0383,Capryol 90,Cremophor EL,11.5,172.2,13.5,2500.0,3,11.38,0.38,0
NE_0384,Capryol 90,Tween 20,11.5,172.2,16.7,1227.0,3,13.77,0.234,1
NE_0385,Miglyol 812,Labrasol,15.0,520.0,12.0,450.0,3,10.25,0.295,0
NE_0386,Oleic Acid,Tween 20,17.0,282.5,16.7,1227.0,2,12.8,0.12,0
NE_0387,Capryol 90,Tween 80,11.5,172.2,15.0,1310.0,3,12.5,0.178,1
NE_0388,Capryol 90,Tween 20,11.5,172.2,16.7,1227.0,2,12.8,0.113,1
NE_0389,Capryol 90,Labrasol,11.5,172.2,12.0,450.0,3,10.25,0.264,1
NE_0390,Castor Oil,Labrasol,14.0,933.4,12.0,450.0,1,8.5,0.433,0
NE_0391,Oleic Acid,Labrasol,17.0,282.5,12.0,450.0,3,10.25,0.412,0
NE_0392,Oleic Acid,Tween 80,17.0,282.5,15.0,1310.0,2,11.67,0.386,0
NE_0393,Castor Oil,Cremophor EL,14.0,933.4,13.5,2500.0,2,10.67,0.139,0
NE_0394,Oleic Acid,Cremophor EL,17.0,282.5,13.5,2500.0,1,9.25,0.432,0
NE_0395,Castor Oil,Labrasol,14.0,933.4,12.0,450.0,3,10.25,0.252,0
NE_0396,Capryol 90,Cremophor EL,11.5,172.2,13.5,2500.0,2,10.67,0.195,1
NE_0397,Capryol 90,Labrasol,11.5,172.2,12.0,450.0,2,9.67,0.421,0
NE_0398,Oleic Acid,Tween 80,17.0,282.5,15.0,1310.0,2,11.67,0.343,0
NE_0399,Miglyol 812,Tween 80,15.0,520.0,15.0,1310.0,3,12.5,0.37,0
NE_0400,Oleic Acid,Tween 20,17.0,282.5,16.7,1227.0,1,10.85,0.136,0
NE_0401,Castor Oil,Tween 80,14.0,933.4,15.0,1310.0,2,11.67,0.386,0
NE_0402,Miglyol 812,Tween 20,15.0,520.0,16.7,1227.0,1,10.85,0.197,0
NE_0403,Oleic Acid,Tween 20,17.0,282.5,16.7,1227.0,3,13.77,0.35,0
NE_0404,Oleic Acid,Tween 20,17.0,282.5,16.7,1227.0,1,10.85,0.306,0
NE_0405,Castor Oil,Tween 20,14.0,933.4,16.7,1227.0,3,13.77,0.189,1
NE_0406,Oleic Acid,Labrasol,17.0,282.5,12.0,450.0,2,9.67,0.23,0
NE_0407,Capryol 90,Tween 80,11.5,172.2,15.0,1310.0,1,10.0,0.208,1
NE_0408,Miglyol 812,Tween 80,15.0,520.0,15.0,1310.0,1,10.0,0.373,0
NE_0409,Capryol 90,Tween 80,11.5,172.2,15.0,1310.0,2,11.67,0.181,1
NE_0410,Capryol 90,Labrasol,11.5,172.2,12.0,450.0,3,10.25,0.295,1
NE_0411,Miglyol 812,Tween 80,15.0,520.0,15.0,1310.0,1,10.0,0.24,0
NE_0412,Capryol 90,Tween 80,11.5,172.2,15.0,1310.0,2,11.67,0.178,1
NE_0413,Oleic Acid,Cremophor EL,17.0,282.5,13.5,2500.0,1,9.25,0.225,0
NE_0414,Castor Oil,Cremophor EL,14.0,933.4,13.5,2500.0,3,11.38,0.302,0
NE_0415,Castor Oil,Tween 20,14.0,933.4,16.7,1227.0,3,13.77,0.352,0
NE_0416,Oleic Acid,Cremophor EL,17.0,282.5,13.5,2500.0,3,11.38,0.372,0
NE_0417,Capryol 90,Tween 80,11.5,172.2,15.0,1310.0,1,10.0,0.303,0
NE_0418,Castor Oil,Tween 80,14.0,933.4,15.0,1310.0,3,12.5,0.243,1
NE_0419,Miglyol 812,Tween 80,15.0,520.0,15.0,1310.0,2,11.67,0.308,0
NE_0420,Oleic Acid,Labrasol,17.0,282.5,12.0,450.0,1,8.5,0.423,0
NE_0421,Miglyol 812,Cremophor EL,15.0,520.0,13.5,2500.0,3,11.38,0.177,0
NE_0422,Oleic Acid,Cremophor EL,17.0,282.5,13.5,2500.0,3,11.38,0.183,0
NE_0423,Castor Oil,Labrasol,14.0,933.4,12.0,450.0,1,8.5,0.17,0
NE_0424,Miglyol 812,Labrasol,15.0,520.0,12.0,450.0,2,9.67,0.203,0
NE_0425,Capryol 90,Cremophor EL,11.5,172.2,13.5,2500.0,3,11.38,0.23,1
NE_0426,Castor Oil,Cremophor EL,14.0,933.4,13.5,2500.0,3,11.38,0.31,0
NE_0427,Castor Oil,Tween 80,14.0,933.4,15.0,1310.0,1,10.0,0.274,0
NE_0428,Miglyol 812,Tween 20,15.0,520.0,16.7,1227.0,2,12.8,0.201,1
NE_0429,Oleic Acid,Tween 20,17.0,282.5,16.7,1227.0,3,13.77,0.378,0
NE_0430,Oleic Acid,Tween 20,17.0,282.5,16.7,1227.0,3,13.77,0.37,0
NE_0431,Oleic Acid,Labrasol,17.0,282.5,12.0,450.0,2,9.67,0.157,0
NE_0432,Castor Oil,Labrasol,14.0,933.4,12.0,450.0,3,10.25,0.25,0
NE_0433,Miglyol 812,Cremophor EL,15.0,520.0,13.5,2500.0,3,11.38,0.108,0
NE_0434,Miglyol 812,Tween 80,15.0,520.0,15.0,1310.0,3,12.5,0.177,0
NE_0435,Castor Oil,Tween 20,14.0,933.4,16.7,1227.0,2,12.8,0.162,1
NE_0436,Oleic Acid,Tween 80,17.0,282.5,15.0,1310.0,2,11.67,0.318,0
NE_0437,Miglyol 812,Cremophor EL,15.0,520.0,13.5,2500.0,2,10.67,0.435,0
NE_0438,Castor Oil,Labrasol,14.0,933.4,12.0,450.0,1,8.5,0.152,0
NE_0439,Capryol 90,Labrasol,11.5,172.2,12.0,450.0,2,9.67,0.215,1
NE_0440,Castor Oil,Tween 20,14.0,933.4,16.7,1227.0,1,10.85,0.179,0
NE_0441,Miglyol 812,Tween 20,15.0,520.0,16.7,1227.0,3,13.77,0.356,0
NE_0442,Capryol 90,Tween 20,11.5,172.2,16.7,1227.0,1,10.85,0.369,0
NE_0443,Castor Oil,Tween 80,14.0,933.4,15.0,1310.0,1,10.0,0.355,0
NE_0444,Miglyol 812,Cremophor EL,15.0,520.0,13.5,2500.0,2,10.67,0.372,0
NE_0445,Castor Oil,Labrasol,14.0,933.4,12.0,450.0,3,10.25,0.267,0
NE_0446,Oleic Acid,Tween 80,17.0,282.5,15.0,1310.0,1,10.0,0.247,0
NE_0447,Castor Oil,Labrasol,14.0,933.4,12.0,450.0,2,9.67,0.128,0
NE_0448,Miglyol 812,Labrasol,15.0,520.0,12.0,450.0,2,9.67,0.294,0
NE_0449,Capryol 90,Tween 20,11.5,172.2,16.7,1227.0,3,13.77,0.136,1
NE_0450,Miglyol 812,Tween 20,15.0,520.0,16.7,1227.0,1,10.85,0.132,0
NE_0451,Capryol 90,Tween 80,11.5,172.2,15.0,1310.0,1,10.0,0.32,0
NE_0452,Castor Oil,Tween 20,14.0,933.4,16.7,1227.0,3,13.77,0.172,1
NE_0453,Miglyol 812,Cremophor EL,15.0,520.0,13.5,2500.0,1,9.25,0.277,0
NE_0454,Capryol 90,Tween 80,11.5,172.2,15.0,1310.0,2,11.67,0.146,1
NE_0455,Oleic Acid,Tween 80,17.0,282.5,15.0,1310.0,3,12.5,0.434,0
NE_0456,Capryol 90,Tween 80,11.5,172.2,15.0,1310.0,3,12.5,0.15,1
NE_0457,Capryol 90,Labrasol,11.5,172.2,12.0,450.0,3,10.25,0.394,0
NE_0458,Capryol 90,Tween 80,11.5,172.2,15.0,1310.0,2,11.67,0.118,1
NE_0459,Capryol 90,Tween 20,11.5,172.2,16.7,1227.0,2,12.8,0.292,1
NE_0460,Capryol 90,Labrasol,11.5,172.2,12.0,450.0,3,10.25,0.382,0
NE_0461,Miglyol 812,Cremophor EL,15.0,520.0,13.5,2500.0,1,9.25,0.409,0
NE_0462,Capryol 90,Tween 20,11.5,172.2,16.7,1227.0,2,12.8,0.417,0
NE_0463,Miglyol 812,Cremophor EL,15.0,520.0,13.5,2500.0,2,10.67,0.428,0
NE_0464,Oleic Acid,Tween 20,17.0,282.5,16.7,1227.0,1,10.85,0.324,0
NE_0465,Miglyol 812,Cremophor EL,15.0,520.0,13.5,2500.0,3,11.38,0.352,0
NE_0466,Capryol 90,Tween 80,11.5,172.2,15.0,1310.0,1,10.0,0.305,0
NE_0467,Oleic Acid,Labrasol,17.0,282.5,12.0,450.0,1,8.5,0.107,0
NE_0468,Castor Oil,Tween 20,14.0,933.4,16.7,1227.0,1,10.85,0.111,0
NE_0469,Capryol 90,Tween 80,11.5,172.2,15.0,1310.0,2,11.67,0.188,1
NE_0470,Capryol 90,Tween 80,11.5,172.2,15.0,1310.0,3,12.5,0.286,1
NE_0471,Miglyol 812,Tween 80,15.0,520.0,15.0,1310.0,2,11.67,0.121,0
NE_0472,Castor Oil,Labrasol,14.0,933.4,12.0,450.0,1,8.5,0.415,0
NE_0473,Castor Oil,Cremophor EL,14.0,933.4,13.5,2500.0,2,10.67,0.339,0
NE_0474,Oleic Acid,Labrasol,17.0,282.5,12.0,450.0,3,10.25,0.227,0
NE_0475,Castor Oil,Labrasol,14.0,933.4,12.0,450.0,1,8.5,0.42,0
NE_0476,Capryol 90,Tween 20,11.5,172.2,16.7,1227.0,1,10.85,0.426,0
NE_0477,Capryol 90,Cremophor EL,11.5,172.2,13.5,2500.0,2,10.67,0.371,0
NE_0478,Capryol 90,Tween 20,11.5,172.2,16.7,1227.0,1,10.85,0.32,0
NE_0479,Miglyol 812,Cremophor EL,15.0,520.0,13.5,2500.0,3,11.38,0.192,0
NE_0480,Miglyol 812,Cremophor EL,15.0,520.0,13.5,2500.0,2,10.67,0.285,0
NE_0481,Castor Oil,Tween 80,14.0,933.4,15.0,1310.0,3,12.5,0.397,0
NE_0482,Miglyol 812,Cremophor EL,15.0,520.0,13.5,2500.0,2,10.67,0.212,0
NE_0483,Capryol 90,Cremophor EL,11.5,172.2,13.5,2500.0,2,10.67,0.193,1
NE_0484,Miglyol 812,Cremophor EL,15.0,520.0,13.5,2500.0,1,9.25,0.247,0
NE_0485,Capryol 90,Tween 80,11.5,172.2,15.0,1310.0,1,10.0,0.357,0
NE_0486,Capryol 90,Tween 80,11.5,172.2,15.0,1310.0,1,10.0,0.254,1
NE_0487,Castor Oil,Tween 20,14.0,933.4,16.7,1227.0,2,12.8,0.342,0
NE_0488,Capryol 90,Tween 80,11.5,172.2,15.0,1310.0,2,11.67,0.109,1
NE_0489,Capryol 90,Labrasol,11.5,172.2,12.0,450.0,1,8.5,0.229,0
NE_0490,Capryol 90,Cremophor EL,11.5,172.2,13.5,2500.0,3,11.38,0.438,0
NE_0491,Miglyol 812,Cremophor EL,15.0,520.0,13.5,2500.0,3,11.38,0.385,0
NE_0492,Oleic Acid,Tween 20,17.0,282.5,16.7,1227.0,3,13.77,0.383,0
NE_0493,Oleic Acid,Tween 20,17.0,282.5,16.7,1227.0,2,12.8,0.218,0
NE_0494,Miglyol 812,Cremophor EL,15.0,520.0,13.5,2500.0,3,11.38,0.17,0
NE_0495,Castor Oil,Tween 20,14.0,933.4,16.7,1227.0,3,13.77,0.24,1
NE_0496,Capryol 90,Labrasol,11.5,172.2,12.0,450.0,2,9.67,0.343,0
NE_0497,Oleic Acid,Tween 80,17.0,282.5,15.0,1310.0,2,11.67,0.142,0
NE_0498,Castor Oil,Labrasol,14.0,933.4,12.0,450.0,3,10.25,0.376,0
NE_0499,Miglyol 812,Tween 20,15.0,520.0,16.7,1227.0,1,10.85,0.404,0
NE_0500,Oleic Acid,Cremophor EL,17.0,282.5,13.5,2500.0,3,11.38,0.34,0
NE_0501,Capryol 90,Tween 20,11.5,172.2,16.7,1227.0,2,12.8,0.334,0
NE_0502,Oleic Acid,Tween 80,17.0,282.5,15.0,1310.0,1,10.0,0.391,0
NE_0503,Capryol 90,Labrasol,11.5,172.2,12.0,450.0,2,9.67,0.379,0
NE_0504,Capryol 90,Tween 80,11.5,172.2,15.0,1310.0,3,12.5,0.389,0
NE_0505,Oleic Acid,Tween 20,17.0,282.5,16.7,1227.0,1,10.85,0.163,0
NE_0506,Oleic Acid,Cremophor EL,17.0,282.5,13.5,2500.0,1,9.25,0.255,0
NE_0507,Miglyol 812,Labrasol,15.0,520.0,12.0,450.0,1,8.5,0.208,0
NE_0508,Castor Oil,Cremophor EL,14.0,933.4,13.5,2500.0,2,10.67,0.118,0
NE_0509,Oleic Acid,Labrasol,17.0,282.5,12.0,450.0,1,8.5,0.214,0
NE_0510,Castor Oil,Labrasol,14.0,933.4,12.0,450.0,3,10.25,0.186,0
NE_0511,Castor Oil,Cremophor EL,14.0,933.4,13.5,2500.0,2,10.67,0.433,0
NE_0512,Miglyol 812,Tween 20,15.0,520.0,16.7,1227.0,1,10.85,0.243,0
NE_0513,Castor Oil,Cremophor EL,14.0,933.4,13.5,2500.0,1,9.25,0.362,0
NE_0514,Capryol 90,Tween 20,11.5,172.2,16.7,1227.0,1,10.85,0.135,1
NE_0515,Oleic Acid,Labrasol,17.0,282.5,12.0,450.0,3,10.25,0.363,0
NE_0516,Castor Oil,Tween 20,14.0,933.4,16.7,1227.0,2,12.8,0.361,0
NE_0517,Miglyol 812,Labrasol,15.0,520.0,12.0,450.0,3,10.25,0.209,0
NE_0518,Miglyol 812,Tween 20,15.0,520.0,16.7,1227.0,2,12.8,0.407,0
NE_0519,Capryol 90,Labrasol,11.5,172.2,12.0,450.0,2,9.67,0.429,0
NE_0520,Oleic Acid,Tween 20,17.0,282.5,16.7,1227.0,3,13.77,0.389,0
NE_0521,Castor Oil,Cremophor EL,14.0,933.4,13.5,2500.0,2,10.67,0.389,0
NE_0522,Miglyol 812,Cremophor EL,15.0,520.0,13.5,2500.0,1,9.25,0.236,0
NE_0523,Capryol 90,Tween 20,11.5,172.2,16.7,1227.0,3,13.77,0.21,1
NE_0524,Capryol 90,Cremophor EL,11.5,172.2,13.5,2500.0,1,9.25,0.146,1
NE_0525,Castor Oil,Labrasol,14.0,933.4,12.0,450.0,1,8.5,0.44,0
NE_0526,Oleic Acid,Labrasol,17.0,282.5,12.0,450.0,3,10.25,0.239,0
NE_0527,Capryol 90,Tween 80,11.5,172.2,15.0,1310.0,3,12.5,0.216,1
NE_0528,Oleic Acid,Tween 20,17.0,282.5,16.7,1227.0,1,10.85,0.374,0
NE_0529,Miglyol 812,Cremophor EL,15.0,520.0,13.5,2500.0,2,10.67,0.21,0
NE_0530,Castor Oil,Tween 80,14.0,933.4,15.0,1310.0,1,10.0,0.384,0
NE_0531,Castor Oil,Tween 20,14.0,933.4,16.7,1227.0,2,12.8,0.23,1
NE_0532,Capryol 90,Cremophor EL,11.5,172.2,13.5,2500.0,3,11.38,0.237,1
NE_0533,Miglyol 812,Cremophor EL,15.0,520.0,13.5,2500.0,2,10.67,0.402,0
NE_0534,Castor Oil,Cremophor EL,14.0,933.4,13.5,2500.0,1,9.25,0.412,0
NE_0535,Oleic Acid,Tween 80,17.0,282.5,15.0,1310.0,2,11.67,0.418,0
NE_0536,Castor Oil,Tween 80,14.0,933.4,15.0,1310.0,2,11.67,0.255,1
NE_0537,Castor Oil,Tween 20,14.0,933.4,16.7,1227.0,2,12.8,0.354,0
NE_0538,Miglyol 812,Tween 80,15.0,520.0,15.0,1310.0,3,12.5,0.14,0
NE_0539,Castor Oil,Tween 80,14.0,933.4,15.0,1310.0,3,12.5,0.286,1
NE_0540,Miglyol 812,Tween 80,15.0,520.0,15.0,1310.0,2,11.67,0.326,0
NE_0541,Castor Oil,Labrasol,14.0,933.4,12.0,450.0,2,9.67,0.295,0
NE_0542,Miglyol 812,Labrasol,15.0,520.0,12.0,450.0,2,9.67,0.145,0
NE_0543,Capryol 90,Tween 20,11.5,172.2,16.7,1227.0,2,12.8,0.175,1
NE_0544,Miglyol 812,Labrasol,15.0,520.0,12.0,450.0,1,8.5,0.179,0
NE_0545,Oleic Acid,Tween 20,17.0,282.5,16.7,1227.0,1,10.85,0.285,0
NE_0546,Castor Oil,Labrasol,14.0,933.4,12.0,450.0,3,10.25,0.252,0
NE_0547,Capryol 90,Tween 80,11.5,172.2,15.0,1310.0,1,10.0,0.374,0
NE_0548,Miglyol 812,Labrasol,15.0,520.0,12.0,450.0,1,8.5,0.161,0
NE_0549,Castor Oil,Cremophor EL,14.0,933.4,13.5,2500.0,2,10.67,0.339,0
NE_0550,Oleic Acid,Labrasol,17.0,282.5,12.0,450.0,1,8.5,0.312,0
NE_0551,Miglyol 812,Cremophor EL,15.0,520.0,13.5,2500.0,1,9.25,0.224,0
NE_0552,Capryol 90,Tween 80,11.5,172.2,15.0,1310.0,3,12.5,0.254,1
NE_0553,Oleic Acid,Cremophor EL,17.0,282.5,13.5,2500.0,1,9.25,0.29,0
NE_0554,Miglyol 812,Tween 20,15.0,520.0,16.7,1227.0,1,10.85,0.388,0
NE_0555,Castor Oil,Cremophor EL,14.0,933.4,13.5,2500.0,3,11.38,0.125,0
NE_0556,Castor Oil,Cremophor EL,14.0,933.4,13.5,2500.0,3,11.38,0.27,0
NE_0557,Capryol 90,Tween 20,11.5,172.2,16.7,1227.0,1,10.85,0.14,1
NE_0558,Oleic Acid,Tween 80,17.0,282.5,15.0,1310.0,1,10.0,0.231,0
NE_0559,Castor Oil,Cremophor EL,14.0,933.4,13.5,2500.0,1,9.25,0.279,0
NE_0560,Castor Oil,Cremophor EL,14.0,933.4,13.5,2500.0,3,11.38,0.44,0
NE_0561,Miglyol 812,Tween 20,15.0,520.0,16.7,1227.0,1,10.85,0.2,0
NE_0562,Capryol 90,Tween 20,11.5,172.2,16.7,1227.0,2,12.8,0.148,1
NE_0563,Capryol 90,Tween 20,11.5,172.2,16.7,1227.0,1,10.85,0.135,1
NE_0564,Capryol 90,Cremophor EL,11.5,172.2,13.5,2500.0,3,11.38,0.384,0
NE_0565,Miglyol 812,Cremophor EL,15.0,520.0,13.5,2500.0,1,9.25,0.415,0
NE_0566,Oleic Acid,Tween 20,17.0,282.5,16.7,1227.0,2,12.8,0.231,0
NE_0567,Oleic Acid,Labrasol,17.0,282.5,12.0,450.0,3,10.25,0.194,0
NE_0568,Capryol 90,Labrasol,11.5,172.2,12.0,450.0,1,8.5,0.425,0
NE_0569,Capryol 90,Tween 80,11.5,172.2,15.0,1310.0,3,12.5,0.334,0
NE_0570,Castor Oil,Cremophor EL,14.0,933.4,13.5,2500.0,3,11.38,0.324,0
NE_0571,Miglyol 812,Tween 20,15.0,520.0,16.7,1227.0,1,10.85,0.376,0
NE_0572,Castor Oil,Tween 20,14.0,933.4,16.7,1227.0,1,10.85,0.404,0
NE_0573,Miglyol 812,Labrasol,15.0,520.0,12.0,450.0,2,9.67,0.323,0
NE_0574,Castor Oil,Tween 20,14.0,933.4,16.7,1227.0,3,13.77,0.219,1
NE_0575,Capryol 90,Tween 80,11.5,172.2,15.0,1310.0,1,10.0,0.21,1
NE_0576,Castor Oil,Tween 20,14.0,933.4,16.7,1227.0,3,13.77,0.112,1
NE_0577,Oleic Acid,Tween 20,17.0,282.5,16.7,1227.0,1,10.85,0.439,0
NE_0578,Miglyol 812,Cremophor EL,15.0,520.0,13.5,2500.0,1,9.25,0.418,0
NE_0579,Oleic Acid,Tween 80,17.0,282.5,15.0,1310.0,1,10.0,0.134,0
NE_0580,Capryol 90,Tween 20,11.5,172.2,16.7,1227.0,3,13.77,0.241,1
NE_0581,Castor Oil,Cremophor EL,14.0,933.4,13.5,2500.0,3,11.38,0.183,0
NE_0582,Castor Oil,Labrasol,14.0,933.4,12.0,450.0,3,10.25,0.162,0
NE_0583,Miglyol 812,Labrasol,15.0,520.0,12.0,450.0,1,8.5,0.351,0
NE_0584,Oleic Acid,Tween 80,17.0,282.5,15.0,1310.0,3,12.5,0.238,0
NE_0585,Capryol 90,Tween 80,11.5,172.2,15.0,1310.0,2,11.67,0.239,1
NE_0586,Castor Oil,Cremophor EL,14.0,933.4,13.5,2500.0,1,9.25,0.311,0
NE_0587,Capryol 90,Cremophor EL,11.5,172.2,13.5,2500.0,3,11.38,0.429,0
NE_0588,Miglyol 812,Labrasol,15.0,520.0,12.0,450.0,2,9.67,0.383,0
NE_0589,Miglyol 812,Tween 20,15.0,520.0,16.7,1227.0,3,13.77,0.266,1
NE_0590,Capryol 90,Cremophor EL,11.5,172.2,13.5,2500.0,3,11.38,0.345,0
NE_0591,Oleic Acid,Cremophor EL,17.0,282.5,13.5,2500.0,3,11.38,0.149,0
NE_0592,Capryol 90,Tween 20,11.5,172.2,16.7,1227.0,1,10.85,0.144,1
NE_0593,Capryol 90,Tween 20,11.5,172.2,16.7,1227.0,3,13.77,0.23,1
NE_0594,Miglyol 812,Tween 20,15.0,520.0,16.7,1227.0,1,10.85,0.124,0
NE_0595,Castor Oil,Labrasol,14.0,933.4,12.0,450.0,2,9.67,0.349,0
NE_0596,Miglyol 812,Tween 80,15.0,520.0,15.0,1310.0,1,10.0,0.447,0
NE_0597,Oleic Acid,Labrasol,17.0,282.5,12.0,450.0,3,10.25,0.271,0
NE_0598,Miglyol 812,Tween 80,15.0,520.0,15.0,1310.0,1,10.0,0.271,0
NE_0599,Oleic Acid,Labrasol,17.0,282.5,12.0,450.0,3,10.25,0.258,0
NE_0600,Castor Oil,Tween 20,14.0,933.4,16.7,1227.0,1,10.85,0.383,0
NE_0601,Castor Oil,Cremophor EL,14.0,933.4,13.5,2500.0,1,9.25,0.116,0
NE_0602,Castor Oil,Tween 20,14.0,933.4,16.7,1227.0,1,10.85,0.393,0
NE_0603,Oleic Acid,Labrasol,17.0,282.5,12.0,450.0,2,9.67,0.237,0
NE_0604,Oleic Acid,Tween 20,17.0,282.5,16.7,1227.0,2,12.8,0.179,0
NE_0605,Oleic Acid,Tween 80,17.0,282.5,15.0,1310.0,1,10.0,0.423,0
NE_0606,Capryol 90,Tween 80,11.5,172.2,15.0,1310.0,3,12.5,0.219,1
NE_0607,Oleic Acid,Tween 20,17.0,282.5,16.7,1227.0,1,10.85,0.383,0
NE_0608,Capryol 90,Tween 20,11.5,172.2,16.7,1227.0,1,10.85,0.391,0
NE_0609,Capryol 90,Labrasol,11.5,172.2,12.0,450.0,2,9.67,0.214,1
NE_0610,Castor Oil,Labrasol,14.0,933.4,12.0,450.0,3,10.25,0.249,0
NE_0611,Oleic Acid,Tween 80,17.0,282.5,15.0,1310.0,2,11.67,0.178,0
NE_0612,Oleic Acid,Cremophor EL,17.0,282.5,13.5,2500.0,1,9.25,0.14,0
NE_0613,Miglyol 812,Tween 80,15.0,520.0,15.0,1310.0,2,11.67,0.374,0
NE_0614,Miglyol 812,Tween 80,15.0,520.0,15.0,1310.0,2,11.67,0.163,0
NE_0615,Oleic Acid,Labrasol,17.0,282.5,12.0,450.0,1,8.5,0.383,0
NE_0616,Castor Oil,Cremophor EL,14.0,933.4,13.5,2500.0,3,11.38,0.117,0
NE_0617,Miglyol 812,Tween 20,15.0,520.0,16.7,1227.0,2,12.8,0.344,0
NE_0618,Castor Oil,Tween 20,14.0,933.4,16.7,1227.0,1,10.85,0.358,0
NE_0619,Oleic Acid,Labrasol,17.0,282.5,12.0,450.0,2,9.67,0.126,0
NE_0620,Capryol 90,Tween 80,11.5,172.2,15.0,1310.0,2,11.67,0.375,0
NE_0621,Castor Oil,Cremophor EL,14.0,933.4,13.5,2500.0,1,9.25,0.145,0
NE_0622,Oleic Acid,Tween 20,17.0,282.5,16.7,1227.0,1,10.85,0.109,0
NE_0623,Castor Oil,Tween 80,14.0,933.4,15.0,1310.0,2,11.67,0.229,1
NE_0624,Oleic Acid,Labrasol,17.0,282.5,12.0,450.0,3,10.25,0.349,0
NE_0625,Oleic Acid,Tween 20,17.0,282.5,16.7,1227.0,3,13.77,0.343,0
NE_0626,Miglyol 812,Tween 20,15.0,520.0,16.7,1227.0,3,13.77,0.373,0
NE_0627,Miglyol 812,Tween 20,15.0,520.0,16.7,1227.0,1,10.85,0.264,0
NE_0628,Miglyol 812,Cremophor EL,15.0,520.0,13.5,2500.0,3,11.38,0.209,0
NE_0629,Castor Oil,Labrasol,14.0,933.4,12.0,450.0,1,8.5,0.168,0
NE_0630,Castor Oil,Cremophor EL,14.0,933.4,13.5,2500.0,3,11.38,0.312,0
NE_0631,Miglyol 812,Cremophor EL,15.0,520.0,13.5,2500.0,1,9.25,0.372,0
NE_0632,Castor Oil,Tween 80,14.0,933.4,15.0,1310.0,3,12.5,0.338,0
NE_0633,Oleic Acid,Tween 20,17.0,282.5,16.7,1227.0,1,10.85,0.365,0
NE_0634,Miglyol 812,Cremophor EL,15.0,520.0,13.5,2500.0,3,11.38,0.372,0
NE_0635,Castor Oil,Tween 80,14.0,933.4,15.0,1310.0,1,10.0,0.351,0
NE_0636,Oleic Acid,Labrasol,17.0,282.5,12.0,450.0,2,9.67,0.325,0
NE_0637,Oleic Acid,Tween 20,17.0,282.5,16.7,1227.0,1,10.85,0.141,0
NE_0638,Oleic Acid,Labrasol,17.0,282.5,12.0,450.0,3,10.25,0.422,0
NE_0639,Castor Oil,Tween 20,14.0,933.4,16.7,1227.0,1,10.85,0.139,0
NE_0640,Oleic Acid,Tween 20,17.0,282.5,16.7,1227.0,1,10.85,0.442,0
NE_0641,Oleic Acid,Labrasol,17.0,282.5,12.0,450.0,1,8.5,0.171,0
NE_0642,Capryol 90,Tween 20,11.5,172.2,16.7,1227.0,2,12.8,0.311,0
NE_0643,Castor Oil,Cremophor EL,14.0,933.4,13.5,2500.0,2,10.67,0.154,0
NE_0644,Oleic Acid,Labrasol,17.0,282.5,12.0,450.0,1,8.5,0.177,0
NE_0645,Miglyol 812,Tween 20,15.0,520.0,16.7,1227.0,3,13.77,0.24,1
NE_0646,Castor Oil,Tween 20,14.0,933.4,16.7,1227.0,3,13.77,0.145,1
NE_0647,Capryol 90,Tween 80,11.5,172.2,15.0,1310.0,2,11.67,0.239,1
NE_0648,Castor Oil,Tween 20,14.0,933.4,16.7,1227.0,1,10.85,0.359,0
NE_0649,Miglyol 812,Labrasol,15.0,520.0,12.0,450.0,1,8.5,0.255,0
NE_0650,Castor Oil,Labrasol,14.0,933.4,12.0,450.0,2,9.67,0.13,0
NE_0651,Miglyol 812,Labrasol,15.0,520.0,12.0,450.0,1,8.5,0.438,0
NE_0652,Miglyol 812,Labrasol,15.0,520.0,12.0,450.0,3,10.25,0.357,0
NE_0653,Miglyol 812,Tween 20,15.0,520.0,16.7,1227.0,3,13.77,0.173,1
NE_0654,Oleic Acid,Labrasol,17.0,282.5,12.0,450.0,1,8.5,0.109,0
NE_0655,Miglyol 812,Tween 20,15.0,520.0,16.7,1227.0,3,13.77,0.446,0
NE_0656,Miglyol 812,Tween 80,15.0,520.0,15.0,1310.0,1,10.0,0.138,0
NE_0657,Castor Oil,Tween 20,14.0,933.4,16.7,1227.0,1,10.85,0.129,0
NE_0658,Castor Oil,Tween 80,14.0,933.4,15.0,1310.0,2,11.67,0.282,1
NE_0659,Miglyol 812,Labrasol,15.0,520.0,12.0,450.0,3,10.25,0.169,0
NE_0660,Miglyol 812,Tween 20,15.0,520.0,16.7,1227.0,1,10.85,0.24,0
NE_0661,Castor Oil,Cremophor EL,14.0,933.4,13.5,2500.0,1,9.25,0.228,0
NE_0662,Capryol 90,Tween 80,11.5,172.2,15.0,1310.0,3,12.5,0.321,0
NE_0663,Oleic Acid,Labrasol,17.0,282.5,12.0,450.0,3,10.25,0.271,0
NE_0664,Oleic Acid,Tween 80,17.0,282.5,15.0,1310.0,3,12.5,0.183,0
NE_0665,Miglyol 812,Tween 80,15.0,520.0,15.0,1310.0,2,11.67,0.436,0
NE_0666,Oleic Acid,Tween 20,17.0,282.5,16.7,1227.0,2,12.8,0.175,0
NE_0667,Castor Oil,Tween 20,14.0,933.4,16.7,1227.0,2,12.8,0.254,1
NE_0668,Capryol 90,Cremophor EL,11.5,172.2,13.5,2500.0,3,11.38,0.332,0
NE_0669,Oleic Acid,Cremophor EL,17.0,282.5,13.5,2500.0,2,10.67,0.149,0
NE_0670,Miglyol 812,Tween 20,15.0,520.0,16.7,1227.0,1,10.85,0.38,0
NE_0671,Miglyol 812,Labrasol,15.0,520.0,12.0,450.0,2,9.67,0.164,0
NE_0672,Miglyol 812,Tween 20,15.0,520.0,16.7,1227.0,2,12.8,0.368,0
NE_0673,Capryol 90,Tween 80,11.5,172.2,15.0,1310.0,2,11.67,0.102,1
NE_0674,Capryol 90,Cremophor EL,11.5,172.2,13.5,2500.0,1,9.25,0.108,1
NE_0675,Oleic Acid,Tween 20,17.0,282.5,16.7,1227.0,1,10.85,0.294,0
NE_0676,Miglyol 812,Tween 20,15.0,520.0,16.7,1227.0,2,12.8,0.249,1
NE_0677,Capryol 90,Cremophor EL,11.5,172.2,13.5,2500.0,1,9.25,0.315,0
NE_0678,Capryol 90,Tween 20,11.5,172.2,16.7,1227.0,1,10.85,0.169,1
NE_0679,Capryol 90,Tween 80,11.5,172.2,15.0,1310.0,3,12.5,0.312,0
NE_0680,Oleic Acid,Tween 80,17.0,282.5,15.0,1310.0,3,12.5,0.346,0
NE_0681,Oleic Acid,Tween 20,17.0,282.5,16.7,1227.0,1,10.85,0.321,0
NE_0682,Castor Oil,Labrasol,14.0,933.4,12.0,450.0,2,9.67,0.196,0
NE_0683,Castor Oil,Cremophor EL,14.0,933.4,13.5,2500.0,3,11.38,0.201,0
NE_0684,Capryol 90,Tween 80,11.5,172.2,15.0,1310.0,1,10.0,0.193,1
NE_0685,Capryol 90,Labrasol,11.5,172.2,12.0,450.0,3,10.25,0.241,1
NE_0686,Miglyol 812,Tween 20,15.0,520.0,16.7,1227.0,1,10.85,0.416,0
NE_0687,Oleic Acid,Cremophor EL,17.0,282.5,13.5,2500.0,2,10.67,0.126,0
NE_0688,Oleic Acid,Tween 80,17.0,282.5,15.0,1310.0,3,12.5,0.437,0
NE_0689,Oleic Acid,Tween 80,17.0,282.5,15.0,1310.0,2,11.67,0.14,0
NE_0690,Castor Oil,Tween 80,14.0,933.4,15.0,1310.0,3,12.5,0.237,1
NE_0691,Miglyol 812,Tween 20,15.0,520.0,16.7,1227.0,3,13.77,0.329,0
NE_0692,Castor Oil,Tween 80,14.0,933.4,15.0,1310.0,3,12.5,0.231,1
NE_0693,Miglyol 812,Tween 80,15.0,520.0,15.0,1310.0,3,12.5,0.278,0
NE_0694,Capryol 90,Tween 20,11.5,172.2,16.7,1227.0,2,12.8,0.325,0
NE_0695,Capryol 90,Cremophor EL,11.5,172.2,13.5,2500.0,2,10.67,0.103,1
NE_0696,Capryol 90,Tween 20,11.5,172.2,16.7,1227.0,2,12.8,0.346,0
NE_0697,Castor Oil,Tween 80,14.0,933.4,15.0,1310.0,3,12.5,0.249,1
NE_0698,Oleic Acid,Labrasol,17.0,282.5,12.0,450.0,3,10.25,0.124,0
NE_0699,Oleic Acid,Tween 20,17.0,282.5,16.7,1227.0,3,13.77,0.279,0
NE_0700,Miglyol 812,Tween 80,15.0,520.0,15.0,1310.0,1,10.0,0.359,0
NE_0701,Capryol 90,Tween 80,11.5,172.2,15.0,1310.0,2,11.67,0.216,1
NE_0702,Capryol 90,Tween 80,11.5,172.2,15.0,1310.0,2,11.67,0.43,0
NE_0703,Capryol 90,Tween 20,11.5,172.2,16.7,1227.0,2,12.8,0.412,0
NE_0704,Castor Oil,Cremophor EL,14.0,933.4,13.5,2500.0,1,9.25,0.282,0
NE_0705,Oleic Acid,Labrasol,17.0,282.5,12.0,450.0,3,10.25,0.279,0
NE_0706,Capryol 90,Cremophor EL,11.5,172.2,13.5,2500.0,1,9.25,0.166,1
NE_0707,Miglyol 812,Tween 20,15.0,520.0,16.7,1227.0,1,10.85,0.159,0
NE_0708,Castor Oil,Tween 80,14.0,933.4,15.0,1310.0,1,10.0,0.148,0
NE_0709,Castor Oil,Labrasol,14.0,933.4,12.0,450.0,1,8.5,0.203,0
NE_0710,Castor Oil,Tween 80,14.0,933.4,15.0,1310.0,1,10.0,0.12,0
NE_0711,Oleic Acid,Tween 80,17.0,282.5,15.0,1310.0,3,12.5,0.44,0
NE_0712,Oleic Acid,Tween 20,17.0,282.5,16.7,1227.0,3,13.77,0.415,0
NE_0713,Castor Oil,Tween 80,14.0,933.4,15.0,1310.0,2,11.67,0.359,0
NE_0714,Castor Oil,Tween 20,14.0,933.4,16.7,1227.0,1,10.85,0.358,0
NE_0715,Castor Oil,Tween 20,14.0,933.4,16.7,1227.0,2,12.8,0.384,0
NE_0716,Castor Oil,Tween 20,14.0,933.4,16.7,1227.0,3,13.77,0.186,1
NE_0717,Castor Oil,Labrasol,14.0,933.4,12.0,450.0,2,9.67,0.319,0
NE_0718,Castor Oil,Labrasol,14.0,933.4,12.0,450.0,1,8.5,0.396,0
NE_0719,Capryol 90,Cremophor EL,11.5,172.2,13.5,2500.0,2,10.67,0.413,0
NE_0720,Oleic Acid,Labrasol,17.0,282.5,12.0,450.0,1,8.5,0.381,0
NE_0721,Miglyol 812,Cremophor EL,15.0,520.0,13.5,2500.0,2,10.67,0.144,0
NE_0722,Miglyol 812,Tween 80,15.0,520.0,15.0,1310.0,1,10.0,0.349,0
NE_0723,Castor Oil,Tween 80,14.0,933.4,15.0,1310.0,3,12.5,0.105,1
NE_0724,Castor Oil,Cremophor EL,14.0,933.4,13.5,2500.0,2,10.67,0.388,0
NE_0725,Oleic Acid,Cremophor EL,17.0,282.5,13.5,2500.0,2,10.67,0.229,0
NE_0726,Oleic Acid,Tween 80,17.0,282.5,15.0,1310.0,3,12.5,0.175,0
NE_0727,Capryol 90,Cremophor EL,11.5,172.2,13.5,2500.0,2,10.67,0.196,1
NE_0728,Oleic Acid,Tween 80,17.0,282.5,15.0,1310.0,1,10.0,0.322,0
NE_0729,Castor Oil,Cremophor EL,14.0,933.4,13.5,2500.0,1,9.25,0.199,0
NE_0730,Miglyol 812,Tween 20,15.0,520.0,16.7,1227.0,3,13.77,0.239,1
NE_0731,Oleic Acid,Tween 20,17.0,282.5,16.7,1227.0,1,10.85,0.38,0
NE_0732,Miglyol 812,Cremophor EL,15.0,520.0,13.5,2500.0,1,9.25,0.159,0
NE_0733,Capryol 90,Tween 80,11.5,172.2,15.0,1310.0,1,10.0,0.159,1
NE_0734,Oleic Acid,Cremophor EL,17.0,282.5,13.5,2500.0,1,9.25,0.347,0
NE_0735,Oleic Acid,Cremophor EL,17.0,282.5,13.5,2500.0,1,9.25,0.124,0
NE_0736,Castor Oil,Labrasol,14.0,933.4,12.0,450.0,3,10.25,0.313,0
NE_0737,Oleic Acid,Tween 80,17.0,282.5,15.0,1310.0,3,12.5,0.297,0
NE_0738,Capryol 90,Cremophor EL,11.5,172.2,13.5,2500.0,1,9.25,0.253,1
NE_0739,Castor Oil,Labrasol,14.0,933.4,12.0,450.0,2,9.67,0.291,0
NE_0740,Oleic Acid,Labrasol,17.0,282.5,12.0,450.0,2,9.67,0.393,0
NE_0741,Capryol 90,Cremophor EL,11.5,172.2,13.5,2500.0,3,11.38,0.261,1
NE_0742,Capryol 90,Tween 80,11.5,172.2,15.0,1310.0,3,12.5,0.269,1
NE_0743,Capryol 90,Tween 20,11.5,172.2,16.7,1227.0,2,12.8,0.438,0
NE_0744,Capryol 90,Cremophor EL,11.5,172.2,13.5,2500.0,2,10.67,0.104,1
NE_0745,Miglyol 812,Tween 20,15.0,520.0,16.7,1227.0,1,10.85,0.134,0
NE_0746,Oleic Acid,Labrasol,17.0,282.5,12.0,450.0,3,10.25,0.18,0
NE_0747,Castor Oil,Cremophor EL,14.0,933.4,13.5,2500.0,3,11.38,0.202,0
NE_0748,Miglyol 812,Labrasol,15.0,520.0,12.0,450.0,2,9.67,0.378,0
NE_0749,Miglyol 812,Cremophor EL,15.0,520.0,13.5,2500.0,2,10.67,0.406,0
NE_0750,Oleic Acid,Tween 20,17.0,282.5,16.7,1227.0,1,10.85,0.159,0
NE_0751,Oleic Acid,Labrasol,17.0,282.5,12.0,450.0,1,8.5,0.437,0
NE_0752,Capryol 90,Tween 80,11.5,172.2,15.0,1310.0,1,10.0,0.346,0
NE_0753,Miglyol 812,Tween 20,15.0,520.0,16.7,1227.0,1,10.85,0.118,0
NE_0754,Oleic Acid,Tween 20,17.0,282.5,16.7,1227.0,3,13.77,0.199,0
NE_0755,Castor Oil,Cremophor EL,14.0,933.4,13.5,2500.0,3,11.38,0.21,0
NE_0756,Miglyol 812,Cremophor EL,15.0,520.0,13.5,2500.0,2,10.67,0.376,0
NE_0757,Capryol 90,Tween 80,11.5,172.2,15.0,1310.0,2,11.67,0.355,0
NE_0758,Castor Oil,Tween 20,14.0,933.4,16.7,1227.0,2,12.8,0.282,1
NE_0759,Capryol 90,Tween 80,11.5,172.2,15.0,1310.0,2,11.67,0.18,1
NE_0760,Miglyol 812,Cremophor EL,15.0,520.0,13.5,2500.0,2,10.67,0.143,0
NE_0761,Miglyol 812,Labrasol,15.0,520.0,12.0,450.0,3,10.25,0.342,0
NE_0762,Castor Oil,Tween 20,14.0,933.4,16.7,1227.0,2,12.8,0.21,1
NE_0763,Miglyol 812,Labrasol,15.0,520.0,12.0,450.0,3,10.25,0.308,0
NE_0764,Castor Oil,Tween 80,14.0,933.4,15.0,1310.0,1,10.0,0.44,0
NE_0765,Miglyol 812,Tween 80,15.0,520.0,15.0,1310.0,2,11.67,0.421,0
NE_0766,Oleic Acid,Tween 20,17.0,282.5,16.7,1227.0,1,10.85,0.264,0
NE_0767,Castor Oil,Tween 20,14.0,933.4,16.7,1227.0,1,10.85,0.143,0
NE_0768,Castor Oil,Labrasol,14.0,933.4,12.0,450.0,1,8.5,0.361,0
NE_0769,Miglyol 812,Cremophor EL,15.0,520.0,13.5,2500.0,1,9.25,0.241,0
NE_0770,Capryol 90,Labrasol,11.5,172.2,12.0,450.0,1,8.5,0.287,0
NE_0771,Capryol 90,Cremophor EL,11.5,172.2,13.5,2500.0,1,9.25,0.107,1
NE_0772,Miglyol 812,Tween 80,15.0,520.0,15.0,1310.0,1,10.0,0.226,0
NE_0773,Castor Oil,Tween 80,14.0,933.4,15.0,1310.0,2,11.67,0.223,1
NE_0774,Capryol 90,Tween 20,11.5,172.2,16.7,1227.0,1,10.85,0.408,0
NE_0775,Oleic Acid,Tween 80,17.0,282.5,15.0,1310.0,1,10.0,0.325,0
NE_0776,Castor Oil,Tween 80,14.0,933.4,15.0,1310.0,1,10.0,0.427,0
NE_0777,Capryol 90,Tween 20,11.5,172.2,16.7,1227.0,2,12.8,0.411,0
NE_0778,Castor Oil,Tween 20,14.0,933.4,16.7,1227.0,2,12.8,0.253,1
NE_0779,Miglyol 812,Tween 20,15.0,520.0,16.7,1227.0,2,12.8,0.323,0
NE_0780,Castor Oil,Tween 20,14.0,933.4,16.7,1227.0,3,13.77,0.249,1
NE_0781,Miglyol 812,Cremophor EL,15.0,520.0,13.5,2500.0,2,10.67,0.298,0
NE_0782,Miglyol 812,Labrasol,15.0,520.0,12.0,450.0,2,9.67,0.291,0
NE_0783,Capryol 90,Tween 80,11.5,172.2,15.0,1310.0,2,11.67,0.271,1
NE_0784,Oleic Acid,Labrasol,17.0,282.5,12.0,450.0,3,10.25,0.231,0
NE_0785,Miglyol 812,Labrasol,15.0,520.0,12.0,450.0,2,9.67,0.31,0
NE_0786,Miglyol 812,Cremophor EL,15.0,520.0,13.5,2500.0,3,11.38,0.273,0
NE_0787,Miglyol 812,Labrasol,15.0,520.0,12.0,450.0,2,9.67,0.44,0
NE_0788,Miglyol 812,Cremophor EL,15.0,520.0,13.5,2500.0,2,10.67,0.185,0
NE_0789,Capryol 90,Tween 80,11.5,172.2,15.0,1310.0,3,12.5,0.405,0
NE_0790,Miglyol 812,Labrasol,15.0,520.0,12.0,450.0,1,8.5,0.189,0
NE_0791,Castor Oil,Tween 20,14.0,933.4,16.7,1227.0,2,12.8,0.25,1
NE_0792,Miglyol 812,Labrasol,15.0,520.0,12.0,450.0,3,10.25,0.404,0
NE_0793,Castor Oil,Tween 20,14.0,933.4,16.7,1227.0,1,10.85,0.199,0
NE_0794,Oleic Acid,Tween 80,17.0,282.5,15.0,1310.0,2,11.67,0.404,0
NE_0795,Castor Oil,Cremophor EL,14.0,933.4,13.5,2500.0,1,9.25,0.19,0
NE_0796,Oleic Acid,Tween 80,17.0,282.5,15.0,1310.0,1,10.0,0.227,0
NE_0797,Miglyol 812,Tween 80,15.0,520.0,15.0,1310.0,1,10.0,0.25,0
NE_0798,Capryol 90,Tween 80,11.5,172.2,15.0,1310.0,2,11.67,0.169,1
NE_0799,Oleic Acid,Tween 80,17.0,282.5,15.0,1310.0,1,10.0,0.343,0
NE_0800,Miglyol 812,Cremophor EL,15.0,520.0,13.5,2500.0,1,9.25,0.371,0
NE_0801,Miglyol 812,Labrasol,15.0,520.0,12.0,450.0,3,10.25,0.442,0
NE_0802,Miglyol 812,Labrasol,15.0,520.0,12.0,450.0,1,8.5,0.321,0
NE_0803,Oleic Acid,Tween 20,17.0,282.5,16.7,1227.0,2,12.8,0.151,0
NE_0804,Oleic Acid,Tween 20,17.0,282.5,16.7,1227.0,2,12.8,0.316,0
NE_0805,Castor Oil,Tween 80,14.0,933.4,15.0,1310.0,3,12.5,0.144,1
NE_0806,Castor Oil,Tween 80,14.0,933.4,15.0,1310.0,3,12.5,0.363,0
NE_0807,Capryol 90,Tween 80,11.5,172.2,15.0,1310.0,3,12.5,0.362,0
NE_0808,Capryol 90,Tween 80,11.5,172.2,15.0,1310.0,1,10.0,0.407,0
NE_0809,Oleic Acid,Cremophor EL,17.0,282.5,13.5,2500.0,1,9.25,0.442,0
NE_0810,Miglyol 812,Cremophor EL,15.0,520.0,13.5,2500.0,2,10.67,0.448,0
NE_0811,Castor Oil,Tween 80,14.0,933.4,15.0,1310.0,3,12.5,0.175,1
NE_0812,Capryol 90,Tween 80,11.5,172.2,15.0,1310.0,3,12.5,0.416,0
NE_0813,Miglyol 812,Tween 80,15.0,520.0,15.0,1310.0,3,12.5,0.121,0
NE_0814,Oleic Acid,Cremophor EL,17.0,282.5,13.5,2500.0,1,9.25,0.334,0
NE_0815,Miglyol 812,Tween 80,15.0,520.0,15.0,1310.0,1,10.0,0.19,0
NE_0816,Castor Oil,Tween 80,14.0,933.4,15.0,1310.0,3,12.5,0.231,1
NE_0817,Miglyol 812,Labrasol,15.0,520.0,12.0,450.0,1,8.5,0.186,0
NE_0818,Miglyol 812,Labrasol,15.0,520.0,12.0,450.0,3,10.25,0.144,0
NE_0819,Oleic Acid,Tween 20,17.0,282.5,16.7,1227.0,3,13.77,0.201,0
NE_0820,Capryol 90,Cremophor EL,11.5,172.2,13.5,2500.0,2,10.67,0.317,0
NE_0821,Castor Oil,Tween 80,14.0,933.4,15.0,1310.0,2,11.67,0.372,0
NE_0822,Capryol 90,Tween 80,11.5,172.2,15.0,1310.0,3,12.5,0.111,1
NE_0823,Castor Oil,Cremophor EL,14.0,933.4,13.5,2500.0,2,10.67,0.445,0
NE_0824,Oleic Acid,Labrasol,17.0,282.5,12.0,450.0,3,10.25,0.213,0
NE_0825,Capryol 90,Labrasol,11.5,172.2,12.0,450.0,3,10.25,0.388,0
NE_0826,Castor Oil,Labrasol,14.0,933.4,12.0,450.0,2,9.67,0.397,0
NE_0827,Capryol 90,Labrasol,11.5,172.2,12.0,450.0,3,10.25,0.206,1
NE_0828,Miglyol 812,Cremophor EL,15.0,520.0,13.5,2500.0,3,11.38,0.439,0
NE_0829,Castor Oil,Tween 20,14.0,933.4,16.7,1227.0,2,12.8,0.426,0
NE_0830,Miglyol 812,Tween 80,15.0,520.0,15.0,1310.0,2,11.67,0.447,0
NE_0831,Castor Oil,Labrasol,14.0,933.4,12.0,450.0,1,8.5,0.214,0
NE_0832,Oleic Acid,Tween 80,17.0,282.5,15.0,1310.0,3,12.5,0.29,0
NE_0833,Miglyol 812,Tween 20,15.0,520.0,16.7,1227.0,3,13.77,0.425,0
NE_0834,Castor Oil,Tween 80,14.0,933.4,15.0,1310.0,2,11.67,0.118,1
NE_0835,Oleic Acid,Labrasol,17.0,282.5,12.0,450.0,2,9.67,0.368,0
NE_0836,Capryol 90,Cremophor EL,11.5,172.2,13.5,2500.0,3,11.38,0.125,1
NE_0837,Capryol 90,Tween 80,11.5,172.2,15.0,1310.0,1,10.0,0.432,0
NE_0838,Capryol 90,Tween 80,11.5,172.2,15.0,1310.0,2,11.67,0.137,1
NE_0839,Castor Oil,Labrasol,14.0,933.4,12.0,450.0,2,9.67,0.361,0
NE_0840,Capryol 90,Tween 80,11.5,172.2,15.0,1310.0,2,11.67,0.331,0
NE_0841,Oleic Acid,Labrasol,17.0,282.5,12.0,450.0,1,8.5,0.406,0
NE_0842,Capryol 90,Tween 20,11.5,172.2,16.7,1227.0,1,10.85,0.346,0
NE_0843,Miglyol 812,Tween 80,15.0,520.0,15.0,1310.0,2,11.67,0.441,0
NE_0844,Oleic Acid,Tween 80,17.0,282.5,15.0,1310.0,1,10.0,0.184,0
NE_0845,Capryol 90,Labrasol,11.5,172.2,12.0,450.0,1,8.5,0.284,0
NE_0846,Capryol 90,Cremophor EL,11.5,172.2,13.5,2500.0,3,11.38,0.22,1
NE_0847,Oleic Acid,Tween 80,17.0,282.5,15.0,1310.0,2,11.67,0.395,0
NE_0848,Capryol 90,Cremophor EL,11.5,172.2,13.5,2500.0,3,11.38,0.296,1
NE_0849,Capryol 90,Cremophor EL,11.5,172.2,13.5,2500.0,2,10.67,0.291,1
NE_0850,Castor Oil,Labrasol,14.0,933.4,12.0,450.0,3,10.25,0.296,0
NE_0851,Miglyol 812,Cremophor EL,15.0,520.0,13.5,2500.0,3,11.38,0.348,0
NE_0852,Miglyol 812,Labrasol,15.0,520.0,12.0,450.0,3,10.25,0.121,0
NE_0853,Castor Oil,Cremophor EL,14.0,933.4,13.5,2500.0,2,10.67,0.189,0
NE_0854,Castor Oil,Labrasol,14.0,933.4,12.0,450.0,1,8.5,0.405,0
NE_0855,Capryol 90,Tween 20,11.5,172.2,16.7,1227.0,2,12.8,0.437,0
NE_0856,Capryol 90,Tween 20,11.5,172.2,16.7,1227.0,1,10.85,0.207,1
NE_0857,Capryol 90,Tween 80,11.5,172.2,15.0,1310.0,1,10.0,0.4,0
NE_0858,Castor Oil,Labrasol,14.0,933.4,12.0,450.0,3,10.25,0.255,0
NE_0859,Oleic Acid,Cremophor EL,17.0,282.5,13.5,2500.0,3,11.38,0.275,0
NE_0860,Oleic Acid,Tween 80,17.0,282.5,15.0,1310.0,1,10.0,0.326,0
NE_0861,Oleic Acid,Tween 80,17.0,282.5,15.0,1310.0,2,11.67,0.146,0
NE_0862,Capryol 90,Labrasol,11.5,172.2,12.0,450.0,1,8.5,0.388,0
NE_0863,Capryol 90,Tween 80,11.5,172.2,15.0,1310.0,2,11.67,0.227,1
NE_0864,Oleic Acid,Tween 20,17.0,282.5,16.7,1227.0,2,12.8,0.171,0
NE_0865,Castor Oil,Tween 80,14.0,933.4,15.0,1310.0,3,12.5,0.278,1
NE_0866,Miglyol 812,Tween 20,15.0,520.0,16.7,1227.0,1,10.85,0.373,0
NE_0867,Castor Oil,Tween 80,14.0,933.4,15.0,1310.0,1,10.0,0.146,0
NE_0868,Capryol 90,Tween 20,11.5,172.2,16.7,1227.0,3,13.77,0.257,1
NE_0869,Castor Oil,Tween 20,14.0,933.4,16.7,1227.0,2,12.8,0.352,0
NE_0870,Miglyol 812,Tween 80,15.0,520.0,15.0,1310.0,1,10.0,0.133,0
NE_0871,Castor Oil,Labrasol,14.0,933.4,12.0,450.0,3,10.25,0.35,0
NE_0872,Miglyol 812,Tween 20,15.0,520.0,16.7,1227.0,3,13.77,0.447,0
NE_0873,Capryol 90,Cremophor EL,11.5,172.2,13.5,2500.0,1,9.25,0.206,1
NE_0874,Oleic Acid,Labrasol,17.0,282.5,12.0,450.0,2,9.67,0.163,0
NE_0875,Oleic Acid,Cremophor EL,17.0,282.5,13.5,2500.0,3,11.38,0.445,0
NE_0876,Oleic Acid,Tween 80,17.0,282.5,15.0,1310.0,3,12.5,0.179,0
NE_0877,Castor Oil,Tween 20,14.0,933.4,16.7,1227.0,1,10.85,0.328,0
NE_0878,Oleic Acid,Tween 80,17.0,282.5,15.0,1310.0,2,11.67,0.193,0
NE_0879,Miglyol 812,Tween 80,15.0,520.0,15.0,1310.0,2,11.67,0.193,0
NE_0880,Capryol 90,Labrasol,11.5,172.2,12.0,450.0,2,9.67,0.181,1
NE_0881,Miglyol 812,Labrasol,15.0,520.0,12.0,450.0,3,10.25,0.162,0
NE_0882,Capryol 90,Tween 20,11.5,172.2,16.7,1227.0,1,10.85,0.268,1
NE_0883,Castor Oil,Cremophor EL,14.0,933.4,13.5,2500.0,3,11.38,0.445,0
NE_0884,Castor Oil,Labrasol,14.0,933.4,12.0,450.0,2,9.67,0.113,0
NE_0885,Oleic Acid,Tween 20,17.0,282.5,16.7,1227.0,3,13.77,0.182,0
NE_0886,Castor Oil,Tween 80,14.0,933.4,15.0,1310.0,1,10.0,0.232,0
NE_0887,Miglyol 812,Labrasol,15.0,520.0,12.0,450.0,2,9.67,0.257,0
NE_0888,Oleic Acid,Cremophor EL,17.0,282.5,13.5,2500.0,3,11.38,0.18,0
NE_0889,Castor Oil,Cremophor EL,14.0,933.4,13.5,2500.0,2,10.67,0.197,0
NE_0890,Miglyol 812,Tween 80,15.0,520.0,15.0,1310.0,2,11.67,0.314,0
NE_0891,Oleic Acid,Tween 20,17.0,282.5,16.7,1227.0,3,13.77,0.447,0
NE_0892,Miglyol 812,Labrasol,15.0,520.0,12.0,450.0,3,10.25,0.112,0
NE_0893,Castor Oil,Labrasol,14.0,933.4,12.0,450.0,2,9.67,0.15,0
NE_0894,Capryol 90,Tween 20,11.5,172.2,16.7,1227.0,1,10.85,0.282,1
NE_0895,Castor Oil,Labrasol,14.0,933.4,12.0,450.0,3,10.25,0.418,0
NE_0896,Oleic Acid,Tween 80,17.0,282.5,15.0,1310.0,3,12.5,0.199,0
NE_0897,Miglyol 812,Tween 20,15.0,520.0,16.7,1227.0,3,13.77,0.445,0
NE_0898,Oleic Acid,Labrasol,17.0,282.5,12.0,450.0,1,8.5,0.446,0
NE_0899,Miglyol 812,Tween 80,15.0,520.0,15.0,1310.0,1,10.0,0.314,0
NE_0900,Oleic Acid,Cremophor EL,17.0,282.5,13.5,2500.0,3,11.38,0.124,0
NE_0901,Capryol 90,Cremophor EL,11.5,172.2,13.5,2500.0,2,10.67,0.323,0
NE_0902,Capryol 90,Tween 80,11.5,172.2,15.0,1310.0,3,12.5,0.376,0
NE_0903,Miglyol 812,Labrasol,15.0,520.0,12.0,450.0,3,10.25,0.267,0
NE_0904,Miglyol 812,Tween 80,15.0,520.0,15.0,1310.0,1,10.0,0.191,0
NE_0905,Castor Oil,Tween 80,14.0,933.4,15.0,1310.0,1,10.0,0.259,0
NE_0906,Oleic Acid,Cremophor EL,17.0,282.5,13.5,2500.0,2,10.67,0.333,0
NE_0907,Capryol 90,Tween 20,11.5,172.2,16.7,1227.0,2,12.8,0.329,0
NE_0908,Miglyol 812,Tween 80,15.0,520.0,15.0,1310.0,3,12.5,0.298,0
NE_0909,Oleic Acid,Cremophor EL,17.0,282.5,13.5,2500.0,1,9.25,0.219,0
NE_0910,Miglyol 812,Tween 20,15.0,520.0,16.7,1227.0,3,13.77,0.286,1
NE_0911,Capryol 90,Labrasol,11.5,172.2,12.0,450.0,3,10.25,0.214,1
NE_0912,Oleic Acid,Tween 80,17.0,282.5,15.0,1310.0,1,10.0,0.413,0
NE_0913,Castor Oil,Tween 80,14.0,933.4,15.0,1310.0,3,12.5,0.152,1
NE_0914,Miglyol 812,Cremophor EL,15.0,520.0,13.5,2500.0,3,11.38,0.188,0
NE_0915,Miglyol 812,Tween 80,15.0,520.0,15.0,1310.0,3,12.5,0.375,0
NE_0916,Castor Oil,Tween 80,14.0,933.4,15.0,1310.0,2,11.67,0.36,0
NE_0917,Oleic Acid,Tween 80,17.0,282.5,15.0,1310.0,1,10.0,0.245,0
NE_0918,Oleic Acid,Cremophor EL,17.0,282.5,13.5,2500.0,1,9.25,0.436,0
NE_0919,Capryol 90,Cremophor EL,11.5,172.2,13.5,2500.0,3,11.38,0.392,0
NE_0920,Oleic Acid,Cremophor EL,17.0,282.5,13.5,2500.0,3,11.38,0.248,0
NE_0921,Castor Oil,Labrasol,14.0,933.4,12.0,450.0,2,9.67,0.125,0
NE_0922,Miglyol 812,Tween 80,15.0,520.0,15.0,1310.0,1,10.0,0.371,0
NE_0923,Capryol 90,Cremophor EL,11.5,172.2,13.5,2500.0,1,9.25,0.411,0
NE_0924,Miglyol 812,Cremophor EL,15.0,520.0,13.5,2500.0,3,11.38,0.412,0
NE_0925,Miglyol 812,Tween 80,15.0,520.0,15.0,1310.0,2,11.67,0.374,0
NE_0926,Oleic Acid,Labrasol,17.0,282.5,12.0,450.0,2,9.67,0.26,0
NE_0927,Castor Oil,Tween 20,14.0,933.4,16.7,1227.0,2,12.8,0.13,1
NE_0928,Oleic Acid,Tween 20,17.0,282.5,16.7,1227.0,3,13.77,0.434,0
NE_0929,Oleic Acid,Tween 20,17.0,282.5,16.7,1227.0,3,13.77,0.421,0
NE_0930,Capryol 90,Labrasol,11.5,172.2,12.0,450.0,1,8.5,0.212,0
NE_0931,Castor Oil,Tween 80,14.0,933.4,15.0,1310.0,1,10.0,0.178,0
NE_0932,Miglyol 812,Tween 80,15.0,520.0,15.0,1310.0,2,11.67,0.325,0
NE_0933,Miglyol 812,Labrasol,15.0,520.0,12.0,450.0,2,9.67,0.379,0
NE_0934,Capryol 90,Tween 20,11.5,172.2,16.7,1227.0,1,10.85,0.427,0
NE_0935,Capryol 90,Tween 20,11.5,172.2,16.7,1227.0,1,10.85,0.262,1
NE_0936,Miglyol 812,Cremophor EL,15.0,520.0,13.5,2500.0,2,10.67,0.39,0
NE_0937,Miglyol 812,Cremophor EL,15.0,520.0,13.5,2500.0,2,10.67,0.328,0
NE_0938,Castor Oil,Tween 20,14.0,933.4,16.7,1227.0,3,13.77,0.406,0
NE_0939,Miglyol 812,Cremophor EL,15.0,520.0,13.5,2500.0,2,10.67,0.352,0
NE_0940,Capryol 90,Cremophor EL,11.5,172.2,13.5,2500.0,1,9.25,0.387,0
NE_0941,Castor Oil,Tween 20,14.0,933.4,16.7,1227.0,3,13.77,0.385,0
NE_0942,Oleic Acid,Cremophor EL,17.0,282.5,13.5,2500.0,1,9.25,0.349,0
NE_0943,Oleic Acid,Labrasol,17.0,282.5,12.0,450.0,1,8.5,0.221,0
NE_0944,Capryol 90,Cremophor EL,11.5,172.2,13.5,2500.0,1,9.25,0.446,0
NE_0945,Oleic Acid,Tween 80,17.0,282.5,15.0,1310.0,2,11.67,0.191,0
NE_0946,Miglyol 812,Tween 80,15.0,520.0,15.0,1310.0,1,10.0,0.141,0
NE_0947,Miglyol 812,Cremophor EL,15.0,520.0,13.5,2500.0,2,10.67,0.257,0
NE_0948,Oleic Acid,Tween 80,17.0,282.5,15.0,1310.0,2,11.67,0.434,0
NE_0949,Castor Oil,Cremophor EL,14.0,933.4,13.5,2500.0,2,10.67,0.36,0
NE_0950,Castor Oil,Cremophor EL,14.0,933.4,13.5,2500.0,2,10.67,0.308,0
NE_0951,Oleic Acid,Tween 20,17.0,282.5,16.7,1227.0,3,13.77,0.112,0
NE_0952,Capryol 90,Cremophor EL,11.5,172.2,13.5,2500.0,2,10.67,0.162,1
NE_0953,Miglyol 812,Cremophor EL,15.0,520.0,13.5,2500.0,1,9.25,0.338,0
NE_0954,Oleic Acid,Tween 20,17.0,282.5,16.7,1227.0,3,13.77,0.235,0
NE_0955,Miglyol 812,Cremophor EL,15.0,520.0,13.5,2500.0,1,9.25,0.297,0
NE_0956,Oleic Acid,Tween 80,17.0,282.5,15.0,1310.0,3,12.5,0.448,0
NE_0957,Capryol 90,Cremophor EL,11.5,172.2,13.5,2500.0,3,11.38,0.152,1
NE_0958,Castor Oil,Cremophor EL,14.0,933.4,13.5,2500.0,3,11.38,0.153,0
NE_0959,Capryol 90,Cremophor EL,11.5,172.2,13.5,2500.0,2,10.67,0.218,1
NE_0960,Oleic Acid,Cremophor EL,17.0,282.5,13.5,2500.0,3,11.38,0.294,0
NE_0961,Oleic Acid,Tween 80,17.0,282.5,15.0,1310.0,2,11.67,0.417,0
NE_0962,Oleic Acid,Tween 20,17.0,282.5,16.7,1227.0,2,12.8,0.269,0
NE_0963,Castor Oil,Tween 80,14.0,933.4,15.0,1310.0,1,10.0,0.212,0
NE_0964,Capryol 90,Tween 80,11.5,172.2,15.0,1310.0,3,12.5,0.117,1
NE_0965,Capryol 90,Tween 80,11.5,172.2,15.0,1310.0,2,11.67,0.285,1
NE_0966,Castor Oil,Tween 20,14.0,933.4,16.7,1227.0,2,12.8,0.206,1
NE_0967,Capryol 90,Cremophor EL,11.5,172.2,13.5,2500.0,3,11.38,0.272,1
NE_0968,Oleic Acid,Labrasol,17.0,282.5,12.0,450.0,2,9.67,0.439,0
NE_0969,Miglyol 812,Cremophor EL,15.0,520.0,13.5,2500.0,1,9.25,0.178,0
NE_0970,Miglyol 812,Tween 80,15.0,520.0,15.0,1310.0,1,10.0,0.399,0
NE_0971,Castor Oil,Tween 80,14.0,933.4,15.0,1310.0,1,10.0,0.379,0
NE_0972,Castor Oil,Tween 80,14.0,933.4,15.0,1310.0,1,10.0,0.376,0
NE_0973,Miglyol 812,Tween 80,15.0,520.0,15.0,1310.0,1,10.0,0.418,0
NE_0974,Capryol 90,Labrasol,11.5,172.2,12.0,450.0,2,9.67,0.267,1
NE_0975,Castor Oil,Tween 80,14.0,933.4,15.0,1310.0,2,11.67,0.403,0
NE_0976,Miglyol 812,Tween 20,15.0,520.0,16.7,1227.0,1,10.85,0.289,0
NE_0977,Oleic Acid,Labrasol,17.0,282.5,12.0,450.0,3,10.25,0.246,0
NE_0978,Oleic Acid,Cremophor EL,17.0,282.5,13.5,2500.0,3,11.38,0.107,0
NE_0979,Castor Oil,Tween 80,14.0,933.4,15.0,1310.0,2,11.67,0.29,1
NE_0980,Oleic Acid,Cremophor EL,17.0,282.5,13.5,2500.0,3,11.38,0.252,0
NE_0981,Capryol 90,Tween 20,11.5,172.2,16.7,1227.0,1,10.85,0.22,1
NE_0982,Oleic Acid,Tween 20,17.0,282.5,16.7,1227.0,1,10.85,0.217,0
NE_0983,Capryol 90,Tween 80,11.5,172.2,15.0,1310.0,2,11.67,0.26,1
NE_0984,Oleic Acid,Labrasol,17.0,282.5,12.0,450.0,1,8.5,0.119,0
NE_0985,Castor Oil,Cremophor EL,14.0,933.4,13.5,2500.0,1,9.25,0.255,0
NE_0986,Miglyol 812,Cremophor EL,15.0,520.0,13.5,2500.0,2,10.67,0.315,0
NE_0987,Castor Oil,Labrasol,14.0,933.4,12.0,450.0,2,9.67,0.304,0
NE_0988,Capryol 90,Tween 80,11.5,172.2,15.0,1310.0,2,11.67,0.391,0
NE_0989,Oleic Acid,Tween 80,17.0,282.5,15.0,1310.0,3,12.5,0.369,0
NE_0990,Castor Oil,Labrasol,14.0,933.4,12.0,450.0,3,10.25,0.125,0
NE_0991,Oleic Acid,Labrasol,17.0,282.5,12.0,450.0,1,8.5,0.378,0
NE_0992,Miglyol 812,Labrasol,15.0,520.0,12.0,450.0,3,10.25,0.189,0
NE_0993,Capryol 90,Labrasol,11.5,172.2,12.0,450.0,3,10.25,0.368,0
NE_0994,Oleic Acid,Tween 80,17.0,282.5,15.0,1310.0,2,11.67,0.212,0
NE_0995,Miglyol 812,Labrasol,15.0,520.0,12.0,450.0,2,9.67,0.438,0
NE_0996,Castor Oil,Tween 20,14.0,933.4,16.7,1227.0,3,13.77,0.416,0
NE_0997,Oleic Acid,Tween 80,17.0,282.5,15.0,1310.0,2,11.67,0.119,0
NE_0998,Capryol 90,Cremophor EL,11.5,172.2,13.5,2500.0,3,11.38,0.41,0
NE_0999,Capryol 90,Tween 20,11.5,172.2,16.7,1227.0,3,13.77,0.394,0
NE_1000,Castor Oil,Cremophor EL,14.0,933.4,13.5,2500.0,2,10.67,0.185,0
NE_1001,Castor Oil,Tween 80,14.0,933.4,15.0,1310.0,2,11.67,0.412,0
NE_1002,Castor Oil,Labrasol,14.0,933.4,12.0,450.0,1,8.5,0.411,0
NE_1003,Miglyol 812,Tween 80,15.0,520.0,15.0,1310.0,1,10.0,0.157,0
NE_1004,Miglyol 812,Tween 80,15.0,520.0,15.0,1310.0,2,11.67,0.227,0
NE_1005,Castor Oil,Tween 80,14.0,933.4,15.0,1310.0,1,10.0,0.416,0
NE_1006,Capryol 90,Tween 20,11.5,172.2,16.7,1227.0,1,10.85,0.419,0
NE_1007,Oleic Acid,Tween 80,17.0,282.5,15.0,1310.0,2,11.67,0.255,0
NE_1008,Miglyol 812,Tween 20,15.0,520.0,16.7,1227.0,1,10.85,0.105,0
NE_1009,Capryol 90,Labrasol,11.5,172.2,12.0,450.0,3,10.25,0.208,1
NE_1010,Capryol 90,Tween 20,11.5,172.2,16.7,1227.0,1,10.85,0.45,0
NE_1011,Capryol 90,Labrasol,11.5,172.2,12.0,450.0,1,8.5,0.132,0
NE_1012,Castor Oil,Tween 80,14.0,933.4,15.0,1310.0,2,11.67,0.315,0
NE_1013,Oleic Acid,Labrasol,17.0,282.5,12.0,450.0,1,8.5,0.313,0
NE_1014,Oleic Acid,Tween 20,17.0,282.5,16.7,1227.0,3,13.77,0.289,0
NE_1015,Oleic Acid,Cremophor EL,17.0,282.5,13.5,2500.0,1,9.25,0.343,0
NE_1016,Miglyol 812,Tween 20,15.0,520.0,16.7,1227.0,2,12.8,0.297,1
NE_1017,Capryol 90,Cremophor EL,11.5,172.2,13.5,2500.0,3,11.38,0.421,0
NE_1018,Capryol 90,Labrasol,11.5,172.2,12.0,450.0,1,8.5,0.159,0
NE_1019,Capryol 90,Tween 20,11.5,172.2,16.7,1227.0,3,13.77,0.136,1
NE_1020,Miglyol 812,Labrasol,15.0,520.0,12.0,450.0,3,10.25,0.125,0
NE_1021,Miglyol 812,Labrasol,15.0,520.0,12.0,450.0,1,8.5,0.299,0
NE_1022,Capryol 90,Cremophor EL,11.5,172.2,13.5,2500.0,1,9.25,0.135,1
NE_1023,Castor Oil,Labrasol,14.0,933.4,12.0,450.0,1,8.5,0.307,0
NE_1024,Capryol 90,Tween 20,11.5,172.2,16.7,1227.0,1,10.85,0.449,0
NE_1025,Capryol 90,Tween 80,11.5,172.2,15.0,1310.0,3,12.5,0.2,1
NE_1026,Miglyol 812,Tween 20,15.0,520.0,16.7,1227.0,3,13.77,0.447,0
NE_1027,Castor Oil,Tween 20,14.0,933.4,16.7,1227.0,1,10.85,0.13,0
NE_1028,Miglyol 812,Tween 20,15.0,520.0,16.7,1227.0,2,12.8,0.219,1
NE_1029,Capryol 90,Cremophor EL,11.5,172.2,13.5,2500.0,3,11.38,0.321,0
NE_1030,Castor Oil,Labrasol,14.0,933.4,12.0,450.0,2,9.67,0.389,0
NE_1031,Miglyol 812,Tween 20,15.0,520.0,16.7,1227.0,1,10.85,0.132,0
NE_1032,Oleic Acid,Tween 80,17.0,282.5,15.0,1310.0,1,10.0,0.449,0
NE_1033,Capryol 90,Tween 80,11.5,172.2,15.0,1310.0,1,10.0,0.409,0
NE_1034,Oleic Acid,Tween 20,17.0,282.5,16.7,1227.0,2,12.8,0.128,0
NE_1035,Miglyol 812,Tween 20,15.0,520.0,16.7,1227.0,2,12.8,0.205,1
NE_1036,Miglyol 812,Tween 20,15.0,520.0,16.7,1227.0,3,13.77,0.239,1
NE_1037,Miglyol 812,Labrasol,15.0,520.0,12.0,450.0,3,10.25,0.136,0
NE_1038,Castor Oil,Cremophor EL,14.0,933.4,13.5,2500.0,1,9.25,0.361,0
NE_1039,Miglyol 812,Tween 20,15.0,520.0,16.7,1227.0,1,10.85,0.257,0
NE_1040,Capryol 90,Cremophor EL,11.5,172.2,13.5,2500.0,1,9.25,0.431,0
NE_1041,Miglyol 812,Cremophor EL,15.0,520.0,13.5,2500.0,2,10.67,0.275,0
NE_1042,Capryol 90,Cremophor EL,11.5,172.2,13.5,2500.0,2,10.67,0.138,1
NE_1043,Oleic Acid,Tween 80,17.0,282.5,15.0,1310.0,3,12.5,0.256,0
NE_1044,Castor Oil,Labrasol,14.0,933.4,12.0,450.0,3,10.25,0.306,0
NE_1045,Castor Oil,Tween 80,14.0,933.4,15.0,1310.0,3,12.5,0.222,1
NE_1046,Castor Oil,Tween 20,14.0,933.4,16.7,1227.0,1,10.85,0.224,0
NE_1047,Miglyol 812,Cremophor EL,15.0,520.0,13.5,2500.0,2,10.67,0.185,0
NE_1048,Oleic Acid,Tween 20,17.0,282.5,16.7,1227.0,2,12.8,0.408,0
NE_1049,Capryol 90,Tween 20,11.5,172.2,16.7,1227.0,3,13.77,0.245,1
NE_1050,Castor Oil,Tween 20,14.0,933.4,16.7,1227.0,3,13.77,0.146,1
NE_1051,Oleic Acid,Tween 20,17.0,282.5,16.7,1227.0,2,12.8,0.418,0
NE_1052,Castor Oil,Tween 20,14.0,933.4,16.7,1227.0,3,13.77,0.353,0
NE_1053,Oleic Acid,Cremophor EL,17.0,282.5,13.5,2500.0,1,9.25,0.309,0
NE_1054,Miglyol 812,Tween 20,15.0,520.0,16.7,1227.0,1,10.85,0.171,0
NE_1055,Capryol 90,Labrasol,11.5,172.2,12.0,450.0,2,9.67,0.375,0
NE_1056,Castor Oil,Labrasol,14.0,933.4,12.0,450.0,1,8.5,0.109,0
NE_1057,Capryol 90,Tween 80,11.5,172.2,15.0,1310.0,1,10.0,0.19,1
NE_1058,Miglyol 812,Tween 20,15.0,520.0,16.7,1227.0,1,10.85,0.387,0
NE_1059,Miglyol 812,Labrasol,15.0,520.0,12.0,450.0,3,10.25,0.402,0
NE_1060,Castor Oil,Labrasol,14.0,933.4,12.0,450.0,2,9.67,0.122,0
NE_1061,Oleic Acid,Tween 80,17.0,282.5,15.0,1310.0,3,12.5,0.445,0
NE_1062,Capryol 90,Tween 20,11.5,172.2,16.7,1227.0,1,10.85,0.434,0
NE_1063,Castor Oil,Tween 20,14.0,933.4,16.7,1227.0,3,13.77,0.33,0
NE_1064,Capryol 90,Labrasol,11.5,172.2,12.0,450.0,1,8.5,0.28,0
NE_1065,Miglyol 812,Tween 20,15.0,520.0,16.7,1227.0,2,12.8,0.426,0
NE_1066,Miglyol 812,Tween 20,15.0,520.0,16.7,1227.0,3,13.77,0.362,0
NE_1067,Capryol 90,Tween 20,11.5,172.2,16.7,1227.0,2,12.8,0.415,0
NE_1068,Oleic Acid,Tween 80,17.0,282.5,15.0,1310.0,3,12.5,0.156,0
NE_1069,Oleic Acid,Cremophor EL,17.0,282.5,13.5,2500.0,3,11.38,0.226,0
NE_1070,Oleic Acid,Tween 20,17.0,282.5,16.7,1227.0,1,10.85,0.244,0
NE_1071,Capryol 90,Labrasol,11.5,172.2,12.0,450.0,2,9.67,0.155,1
NE_1072,Miglyol 812,Tween 20,15.0,520.0,16.7,1227.0,1,10.85,0.351,0
NE_1073,Castor Oil,Tween 20,14.0,933.4,16.7,1227.0,1,10.85,0.193,0
NE_1074,Miglyol 812,Tween 80,15.0,520.0,15.0,1310.0,2,11.67,0.398,0
NE_1075,Capryol 90,Tween 20,11.5,172.2,16.7,1227.0,2,12.8,0.2,1
NE_1076,Castor Oil,Tween 20,14.0,933.4,16.7,1227.0,2,12.8,0.298,1
NE_1077,Capryol 90,Tween 20,11.5,172.2,16.7,1227.0,2,12.8,0.216,1
NE_1078,Oleic Acid,Cremophor EL,17.0,282.5,13.5,2500.0,2,10.67,0.251,0
NE_1079,Capryol 90,Labrasol,11.5,172.2,12.0,450.0,1,8.5,0.147,0
NE_1080,Miglyol 812,Labrasol,15.0,520.0,12.0,450.0,3,10.25,0.18,0
NE_1081,Capryol 90,Labrasol,11.5,172.2,12.0,450.0,1,8.5,0.402,0
NE_1082,Oleic Acid,Tween 80,17.0,282.5,15.0,1310.0,3,12.5,0.369,0
NE_1083,Capryol 90,Tween 80,11.5,172.2,15.0,1310.0,2,11.67,0.42,0
NE_1084,Castor Oil,Labrasol,14.0,933.4,12.0,450.0,2,9.67,0.229,0
NE_1085,Miglyol 812,Tween 80,15.0,520.0,15.0,1310.0,2,11.67,0.336,0
NE_1086,Castor Oil,Cremophor EL,14.0,933.4,13.5,2500.0,2,10.67,0.308,0
NE_1087,Castor Oil,Tween 20,14.0,933.4,16.7,1227.0,2,12.8,0.129,1
NE_1088,Castor Oil,Labrasol,14.0,933.4,12.0,450.0,1,8.5,0.194,0
NE_1089,Capryol 90,Tween 20,11.5,172.2,16.7,1227.0,2,12.8,0.164,1
NE_1090,Capryol 90,Tween 80,11.5,172.2,15.0,1310.0,2,11.67,0.257,1
NE_1091,Castor Oil,Labrasol,14.0,933.4,12.0,450.0,1,8.5,0.307,0
NE_1092,Capryol 90,Cremophor EL,11.5,172.2,13.5,2500.0,2,10.67,0.254,1
NE_1093,Oleic Acid,Labrasol,17.0,282.5,12.0,450.0,1,8.5,0.168,0
NE_1094,Oleic Acid,Cremophor EL,17.0,282.5,13.5,2500.0,2,10.67,0.31,0
NE_1095,Capryol 90,Cremophor EL,11.5,172.2,13.5,2500.0,2,10.67,0.279,1
NE_1096,Miglyol 812,Labrasol,15.0,520.0,12.0,450.0,1,8.5,0.312,0
NE_1097,Capryol 90,Labrasol,11.5,172.2,12.0,450.0,1,8.5,0.272,0
NE_1098,Castor Oil,Tween 80,14.0,933.4,15.0,1310.0,2,11.67,0.146,1
NE_1099,Oleic Acid,Labrasol,17.0,282.5,12.0,450.0,1,8.5,0.396,0
NE_1100,Miglyol 812,Tween 20,15.0,520.0,16.7,1227.0,3,13.77,0.216,1
NE_1101,Oleic Acid,Cremophor EL,17.0,282.5,13.5,2500.0,1,9.25,0.436,0
NE_1102,Castor Oil,Tween 80,14.0,933.4,15.0,1310.0,1,10.0,0.247,0
NE_1103,Capryol 90,Tween 20,11.5,172.2,16.7,1227.0,2,12.8,0.123,1
NE_1104,Capryol 90,Cremophor EL,11.5,172.2,13.5,2500.0,1,9.25,0.365,0
NE_1105,Castor Oil,Tween 20,14.0,933.4,16.7,1227.0,3,13.77,0.135,1
NE_1106,Miglyol 812,Labrasol,15.0,520.0,12.0,450.0,3,10.25,0.228,0
NE_1107,Oleic Acid,Tween 20,17.0,282.5,16.7,1227.0,3,13.77,0.217,0
NE_1108,Castor Oil,Tween 80,14.0,933.4,15.0,1310.0,3,12.5,0.255,1
NE_1109,Capryol 90,Labrasol,11.5,172.2,12.0,450.0,2,9.67,0.128,1
NE_1110,Castor Oil,Tween 80,14.0,933.4,15.0,1310.0,1,10.0,0.25,0
NE_1111,Oleic Acid,Labrasol,17.0,282.5,12.0,450.0,1,8.5,0.253,0
NE_1112,Castor Oil,Tween 20,14.0,933.4,16.7,1227.0,1,10.85,0.106,0
NE_1113,Capryol 90,Tween 80,11.5,172.2,15.0,1310.0,2,11.67,0.214,1
NE_1114,Castor Oil,Tween 20,14.0,933.4,16.7,1227.0,3,13.77,0.126,1
NE_1115,Castor Oil,Tween 20,14.0,933.4,16.7,1227.0,1,10.85,0.13,0
NE_1116,Castor Oil,Tween 20,14.0,933.4,16.7,1227.0,2,12.8,0.428,0
NE_1117,Oleic Acid,Cremophor EL,17.0,282.5,13.5,2500.0,1,9.25,0.204,0
NE_1118,Oleic Acid,Tween 20,17.0,282.5,16.7,1227.0,1,10.85,0.137,0
NE_1119,Capryol 90,Tween 80,11.5,172.2,15.0,1310.0,2,11.67,0.398,0
NE_1120,Oleic Acid,Tween 20,17.0,282.5,16.7,1227.0,1,10.85,0.389,0
NE_1121,Oleic Acid,Tween 20,17.0,282.5,16.7,1227.0,2,12.8,0.132,0
NE_1122,Miglyol 812,Tween 80,15.0,520.0,15.0,1310.0,2,11.67,0.103,0
NE_1123,Castor Oil,Tween 20,14.0,933.4,16.7,1227.0,1,10.85,0.281,0
NE_1124,Castor Oil,Tween 20,14.0,933.4,16.7,1227.0,3,13.77,0.388,0
NE_1125,Oleic Acid,Tween 20,17.0,282.5,16.7,1227.0,2,12.8,0.432,0
NE_1126,Oleic Acid,Cremophor EL,17.0,282.5,13.5,2500.0,3,11.38,0.357,0
NE_1127,Castor Oil,Tween 80,14.0,933.4,15.0,1310.0,2,11.67,0.395,0
NE_1128,Capryol 90,Labrasol,11.5,172.2,12.0,450.0,3,10.25,0.189,1
NE_1129,Miglyol 812,Labrasol,15.0,520.0,12.0,450.0,1,8.5,0.309,0
NE_1130,Oleic Acid,Labrasol,17.0,282.5,12.0,450.0,3,10.25,0.428,0
NE_1131,Castor Oil,Tween 80,14.0,933.4,15.0,1310.0,3,12.5,0.334,0
NE_1132,Miglyol 812,Cremophor EL,15.0,520.0,13.5,2500.0,1,9.25,0.323,0
NE_1133,Castor Oil,Tween 80,14.0,933.4,15.0,1310.0,2,11.67,0.172,1
NE_1134,Oleic Acid,Tween 20,17.0,282.5,16.7,1227.0,1,10.85,0.377,0
NE_1135,Capryol 90,Labrasol,11.5,172.2,12.0,450.0,1,8.5,0.252,0
NE_1136,Miglyol 812,Tween 80,15.0,520.0,15.0,1310.0,2,11.67,0.146,0
NE_1137,Oleic Acid,Tween 80,17.0,282.5,15.0,1310.0,3,12.5,0.155,0
NE_1138,Miglyol 812,Cremophor EL,15.0,520.0,13.5,2500.0,3,11.38,0.305,0
NE_1139,Oleic Acid,Cremophor EL,17.0,282.5,13.5,2500.0,1,9.25,0.133,0
NE_1140,Castor Oil,Tween 20,14.0,933.4,16.7,1227.0,3,13.77,0.378,0
NE_1141,Castor Oil,Cremophor EL,14.0,933.4,13.5,2500.0,3,11.38,0.417,0
NE_1142,Capryol 90,Tween 20,11.5,172.2,16.7,1227.0,2,12.8,0.206,1
NE_1143,Miglyol 812,Tween 80,15.0,520.0,15.0,1310.0,1,10.0,0.223,0
NE_1144,Oleic Acid,Tween 20,17.0,282.5,16.7,1227.0,2,12.8,0.201,0
NE_1145,Capryol 90,Tween 20,11.5,172.2,16.7,1227.0,2,12.8,0.218,1
NE_1146,Oleic Acid,Cremophor EL,17.0,282.5,13.5,2500.0,2,10.67,0.137,0
NE_1147,Capryol 90,Cremophor EL,11.5,172.2,13.5,2500.0,2,10.67,0.388,0
NE_1148,Oleic Acid,Labrasol,17.0,282.5,12.0,450.0,3,10.25,0.418,0
NE_1149,Miglyol 812,Tween 20,15.0,520.0,16.7,1227.0,3,13.77,0.129,1
NE_1150,Oleic Acid,Tween 80,17.0,282.5,15.0,1310.0,3,12.5,0.271,0
NE_1151,Capryol 90,Cremophor EL,11.5,172.2,13.5,2500.0,2,10.67,0.147,1
NE_1152,Oleic Acid,Cremophor EL,17.0,282.5,13.5,2500.0,1,9.25,0.251,0
NE_1153,Castor Oil,Labrasol,14.0,933.4,12.0,450.0,3,10.25,0.182,0
NE_1154,Miglyol 812,Labrasol,15.0,520.0,12.0,450.0,2,9.67,0.355,0
NE_1155,Capryol 90,Tween 20,11.5,172.2,16.7,1227.0,3,13.77,0.422,0
NE_1156,Castor Oil,Cremophor EL,14.0,933.4,13.5,2500.0,3,11.38,0.258,0
NE_1157,Miglyol 812,Tween 20,15.0,520.0,16.7,1227.0,1,10.85,0.224,0
NE_1158,Miglyol 812,Labrasol,15.0,520.0,12.0,450.0,3,10.25,0.379,0
NE_1159,Castor Oil,Tween 20,14.0,933.4,16.7,1227.0,1,10.85,0.319,0
NE_1160,Oleic Acid,Labrasol,17.0,282.5,12.0,450.0,3,10.25,0.241,0
NE_1161,Oleic Acid,Tween 20,17.0,282.5,16.7,1227.0,3,13.77,0.439,0
NE_1162,Castor Oil,Labrasol,14.0,933.4,12.0,450.0,1,8.5,0.229,0
NE_1163,Oleic Acid,Tween 20,17.0,282.5,16.7,1227.0,3,13.77,0.174,0
NE_1164,Oleic Acid,Tween 80,17.0,282.5,15.0,1310.0,2,11.67,0.449,0
NE_1165,Oleic Acid,Cremophor EL,17.0,282.5,13.5,2500.0,1,9.25,0.409,0
NE_1166,Miglyol 812,Cremophor EL,15.0,520.0,13.5,2500.0,2,10.67,0.202,0
NE_1167,Castor Oil,Tween 20,14.0,933.4,16.7,1227.0,3,13.77,0.179,1
NE_1168,Castor Oil,Labrasol,14.0,933.4,12.0,450.0,3,10.25,0.309,0
NE_1169,Miglyol 812,Tween 80,15.0,520.0,15.0,1310.0,3,12.5,0.135,0
NE_1170,Castor Oil,Labrasol,14.0,933.4,12.0,450.0,3,10.25,0.398,0
NE_1171,Miglyol 812,Cremophor EL,15.0,520.0,13.5,2500.0,3,11.38,0.436,0
NE_1172,Castor Oil,Cremophor EL,14.0,933.4,13.5,2500.0,1,9.25,0.394,0
NE_1173,Miglyol 812,Cremophor EL,15.0,520.0,13.5,2500.0,3,11.38,0.147,0
NE_1174,Miglyol 812,Tween 20,15.0,520.0,16.7,1227.0,1,10.85,0.307,0
NE_1175,Castor Oil,Labrasol,14.0,933.4,12.0,450.0,2,9.67,0.196,0
NE_1176,Castor Oil,Cremophor EL,14.0,933.4,13.5,2500.0,2,10.67,0.448,0
NE_1177,Capryol 90,Tween 80,11.5,172.2,15.0,1310.0,1,10.0,0.356,0
NE_1178,Oleic Acid,Cremophor EL,17.0,282.5,13.5,2500.0,1,9.25,0.375,0
NE_1179,Oleic Acid,Tween 80,17.0,282.5,15.0,1310.0,3,12.5,0.138,0
NE_1180,Oleic Acid,Tween 80,17.0,282.5,15.0,1310.0,3,12.5,0.143,0
NE_1181,Castor Oil,Cremophor EL,14.0,933.4,13.5,2500.0,3,11.38,0.321,0
NE_1182,Castor Oil,Labrasol,14.0,933.4,12.0,450.0,1,8.5,0.306,0
NE_1183,Oleic Acid,Labrasol,17.0,282.5,12.0,450.0,1,8.5,0.344,0
NE_1184,Castor Oil,Labrasol,14.0,933.4,12.0,450.0,2,9.67,0.357,0
NE_1185,Miglyol 812,Labrasol,15.0,520.0,12.0,450.0,2,9.67,0.22,0
NE_1186,Capryol 90,Tween 80,11.5,172.2,15.0,1310.0,3,12.5,0.358,0
NE_1187,Oleic Acid,Tween 20,17.0,282.5,16.7,1227.0,2,12.8,0.185,0
NE_1188,Capryol 90,Labrasol,11.5,172.2,12.0,450.0,1,8.5,0.189,0
NE_1189,Castor Oil,Labrasol,14.0,933.4,12.0,450.0,3,10.25,0.268,0
NE_1190,Capryol 90,Tween 80,11.5,172.2,15.0,1310.0,2,11.67,0.158,1
NE_1191,Oleic Acid,Tween 80,17.0,282.5,15.0,1310.0,3,12.5,0.122,0
NE_1192,Capryol 90,Labrasol,11.5,172.2,12.0,450.0,2,9.67,0.275,1
NE_1193,Capryol 90,Tween 20,11.5,172.2,16.7,1227.0,2,12.8,0.378,0
NE_1194,Castor Oil,Cremophor EL,14.0,933.4,13.5,2500.0,1,9.25,0.116,0
NE_1195,Miglyol 812,Labrasol,15.0,520.0,12.0,450.0,2,9.67,0.244,0
NE_1196,Castor Oil,Tween 20,14.0,933.4,16.7,1227.0,2,12.8,0.419,0
NE_1197,Capryol 90,Tween 80,11.5,172.2,15.0,1310.0,3,12.5,0.169,1
NE_1198,Miglyol 812,Labrasol,15.0,520.0,12.0,450.0,1,8.5,0.233,0
NE_1199,Castor Oil,Tween 20,14.0,933.4,16.7,1227.0,2,12.8,0.342,0
NE_1200,Oleic Acid,Tween 20,17.0,282.5,16.7,1227.0,2,12.8,0.151,0
NE_1201,Castor Oil,Cremophor EL,14.0,933.4,13.5,2500.0,2,10.67,0.173,0
NE_1202,Castor Oil,Tween 20,14.0,933.4,16.7,1227.0,1,10.85,0.408,0
NE_1203,Castor Oil,Labrasol,14.0,933.4,12.0,450.0,3,10.25,0.29,0
NE_1204,Capryol 90,Tween 80,11.5,172.2,15.0,1310.0,2,11.67,0.3,1
NE_1205,Miglyol 812,Tween 80,15.0,520.0,15.0,1310.0,3,12.5,0.34,0
NE_1206,Capryol 90,Tween 80,11.5,172.2,15.0,1310.0,1,10.0,0.306,0
NE_1207,Oleic Acid,Labrasol,17.0,282.5,12.0,450.0,2,9.67,0.119,0
NE_1208,Capryol 90,Tween 20,11.5,172.2,16.7,1227.0,1,10.85,0.126,1
NE_1209,Oleic Acid,Tween 20,17.0,282.5,16.7,1227.0,1,10.85,0.304,0
NE_1210,Castor Oil,Labrasol,14.0,933.4,12.0,450.0,2,9.67,0.176,0
NE_1211,Castor Oil,Tween 20,14.0,933.4,16.7,1227.0,1,10.85,0.42,0
NE_1212,Capryol 90,Tween 20,11.5,172.2,16.7,1227.0,3,13.77,0.276,1
NE_1213,Capryol 90,Labrasol,11.5,172.2,12.0,450.0,3,10.25,0.213,1
NE_1214,Miglyol 812,Tween 80,15.0,520.0,15.0,1310.0,2,11.67,0.121,0
NE_1215,Castor Oil,Cremophor EL,14.0,933.4,13.5,2500.0,1,9.25,0.4,0
NE_1216,Capryol 90,Tween 80,11.5,172.2,15.0,1310.0,1,10.0,0.204,1
NE_1217,Castor Oil,Labrasol,14.0,933.4,12.0,450.0,3,10.25,0.239,0
NE_1218,Miglyol 812,Cremophor EL,15.0,520.0,13.5,2500.0,3,11.38,0.293,0
NE_1219,Miglyol 812,Tween 20,15.0,520.0,16.7,1227.0,2,12.8,0.226,1
NE_1220,Miglyol 812,Tween 20,15.0,520.0,16.7,1227.0,1,10.85,0.37,0
NE_1221,Oleic Acid,Tween 20,17.0,282.5,16.7,1227.0,2,12.8,0.133,0
NE_1222,Capryol 90,Cremophor EL,11.5,172.2,13.5,2500.0,3,11.38,0.313,0
NE_1223,Oleic Acid,Tween 20,17.0,282.5,16.7,1227.0,3,13.77,0.143,0
NE_1224,Capryol 90,Tween 80,11.5,172.2,15.0,1310.0,2,11.67,0.426,0
NE_1225,Castor Oil,Cremophor EL,14.0,933.4,13.5,2500.0,3,11.38,0.375,0
NE_1226,Capryol 90,Cremophor EL,11.5,172.2,13.5,2500.0,3,11.38,0.418,0
NE_1227,Oleic Acid,Tween 20,17.0,282.5,16.7,1227.0,3,13.77,0.231,0
NE_1228,Oleic Acid,Tween 20,17.0,282.5,16.7,1227.0,3,13.77,0.277,0
NE_1229,Castor Oil,Tween 20,14.0,933.4,16.7,1227.0,3,13.77,0.446,0
NE_1230,Castor Oil,Tween 80,14.0,933.4,15.0,1310.0,3,12.5,0.372,0
NE_1231,Capryol 90,Tween 20,11.5,172.2,16.7,1227.0,2,12.8,0.438,0
NE_1232,Oleic Acid,Labrasol,17.0,282.5,12.0,450.0,3,10.25,0.278,0
NE_1233,Oleic Acid,Cremophor EL,17.0,282.5,13.5,2500.0,3,11.38,0.297,0
NE_1234,Castor Oil,Cremophor EL,14.0,933.4,13.5,2500.0,1,9.25,0.378,0
NE_1235,Capryol 90,Labrasol,11.5,172.2,12.0,450.0,1,8.5,0.355,0
NE_1236,Miglyol 812,Cremophor EL,15.0,520.0,13.5,2500.0,3,11.38,0.308,0
NE_1237,Miglyol 812,Tween 20,15.0,520.0,16.7,1227.0,1,10.85,0.435,0
NE_1238,Capryol 90,Tween 20,11.5,172.2,16.7,1227.0,1,10.85,0.434,0
NE_1239,Castor Oil,Labrasol,14.0,933.4,12.0,450.0,2,9.67,0.224,0
NE_1240,Castor Oil,Cremophor EL,14.0,933.4,13.5,2500.0,3,11.38,0.277,0
NE_1241,Capryol 90,Labrasol,11.5,172.2,12.0,450.0,1,8.5,0.196,0
NE_1242,Miglyol 812,Tween 20,15.0,520.0,16.7,1227.0,2,12.8,0.274,1
NE_1243,Capryol 90,Tween 20,11.5,172.2,16.7,1227.0,3,13.77,0.186,1
NE_1244,Capryol 90,Tween 20,11.5,172.2,16.7,1227.0,2,12.8,0.106,1
NE_1245,Miglyol 812,Tween 20,15.0,520.0,16.7,1227.0,2,12.8,0.173,1
NE_1246,Castor Oil,Labrasol,14.0,933.4,12.0,450.0,2,9.67,0.449,0
NE_1247,Miglyol 812,Cremophor EL,15.0,520.0,13.5,2500.0,3,11.38,0.267,0
NE_1248,Miglyol 812,Cremophor EL,15.0,520.0,13.5,2500.0,1,9.25,0.336,0
NE_1249,Oleic Acid,Cremophor EL,17.0,282.5,13.5,2500.0,2,10.67,0.321,0
NE_1250,Oleic Acid,Cremophor EL,17.0,282.5,13.5,2500.0,2,10.67,0.105,0
NE_1251,Miglyol 812,Cremophor EL,15.0,520.0,13.5,2500.0,2,10.67,0.399,0
NE_1252,Castor Oil,Tween 80,14.0,933.4,15.0,1310.0,3,12.5,0.223,1
NE_1253,Capryol 90,Labrasol,11.5,172.2,12.0,450.0,2,9.67,0.143,1
NE_1254,Miglyol 812,Labrasol,15.0,520.0,12.0,450.0,1,8.5,0.149,0
NE_1255,Miglyol 812,Tween 80,15.0,520.0,15.0,1310.0,2,11.67,0.429,0
NE_1256,Oleic Acid,Cremophor EL,17.0,282.5,13.5,2500.0,1,9.25,0.415,0
NE_1257,Capryol 90,Tween 20,11.5,172.2,16.7,1227.0,2,12.8,0.179,1
NE_1258,Oleic Acid,Labrasol,17.0,282.5,12.0,450.0,2,9.67,0.28,0
NE_1259,Capryol 90,Tween 80,11.5,172.2,15.0,1310.0,3,12.5,0.349,0
NE_1260,Capryol 90,Labrasol,11.5,172.2,12.0,450.0,2,9.67,0.278,1
NE_1261,Miglyol 812,Tween 20,15.0,520.0,16.7,1227.0,1,10.85,0.286,0
NE_1262,Miglyol 812,Tween 80,15.0,520.0,15.0,1310.0,2,11.67,0.284,0
NE_1263,Oleic Acid,Cremophor EL,17.0,282.5,13.5,2500.0,1,9.25,0.386,0
NE_1264,Oleic Acid,Cremophor EL,17.0,282.5,13.5,2500.0,1,9.25,0.289,0
NE_1265,Miglyol 812,Tween 20,15.0,520.0,16.7,1227.0,2,12.8,0.408,0
NE_1266,Oleic Acid,Tween 20,17.0,282.5,16.7,1227.0,2,12.8,0.32,0
NE_1267,Miglyol 812,Cremophor EL,15.0,520.0,13.5,2500.0,1,9.25,0.356,0
NE_1268,Oleic Acid,Labrasol,17.0,282.5,12.0,450.0,1,8.5,0.446,0
NE_1269,Castor Oil,Labrasol,14.0,933.4,12.0,450.0,1,8.5,0.223,0
NE_1270,Oleic Acid,Tween 20,17.0,282.5,16.7,1227.0,1,10.85,0.283,0
NE_1271,Miglyol 812,Tween 80,15.0,520.0,15.0,1310.0,2,11.67,0.252,0
NE_1272,Castor Oil,Tween 20,14.0,933.4,16.7,1227.0,2,12.8,0.188,1
NE_1273,Capryol 90,Tween 20,11.5,172.2,16.7,1227.0,1,10.85,0.421,0
NE_1274,Miglyol 812,Labrasol,15.0,520.0,12.0,450.0,3,10.25,0.261,0
NE_1275,Castor Oil,Tween 20,14.0,933.4,16.7,1227.0,2,12.8,0.384,0
NE_1276,Capryol 90,Tween 80,11.5,172.2,15.0,1310.0,1,10.0,0.139,1
NE_1277,Oleic Acid,Cremophor EL,17.0,282.5,13.5,2500.0,1,9.25,0.152,0
NE_1278,Oleic Acid,Tween 20,17.0,282.5,16.7,1227.0,2,12.8,0.384,0
NE_1279,Castor Oil,Cremophor EL,14.0,933.4,13.5,2500.0,1,9.25,0.252,0
NE_1280,Capryol 90,Labrasol,11.5,172.2,12.0,450.0,1,8.5,0.37,0
NE_1281,Oleic Acid,Tween 20,17.0,282.5,16.7,1227.0,1,10.85,0.444,0
NE_1282,Capryol 90,Tween 80,11.5,172.2,15.0,1310.0,3,12.5,0.374,0
NE_1283,Miglyol 812,Tween 80,15.0,520.0,15.0,1310.0,1,10.0,0.233,0
NE_1284,Castor Oil,Tween 80,14.0,933.4,15.0,1310.0,2,11.67,0.425,0
NE_1285,Castor Oil,Cremophor EL,14.0,933.4,13.5,2500.0,1,9.25,0.433,0
NE_1286,Capryol 90,Cremophor EL,11.5,172.2,13.5,2500.0,1,9.25,0.119,1
NE_1287,Oleic Acid,Cremophor EL,17.0,282.5,13.5,2500.0,3,11.38,0.408,0
NE_1288,Capryol 90,Tween 80,11.5,172.2,15.0,1310.0,2,11.67,0.24,1
NE_1289,Miglyol 812,Labrasol,15.0,520.0,12.0,450.0,3,10.25,0.174,0
NE_1290,Oleic Acid,Tween 20,17.0,282.5,16.7,1227.0,3,13.77,0.163,0
NE_1291,Oleic Acid,Tween 80,17.0,282.5,15.0,1310.0,3,12.5,0.244,0
NE_1292,Miglyol 812,Tween 80,15.0,520.0,15.0,1310.0,1,10.0,0.356,0
NE_1293,Capryol 90,Tween 80,11.5,172.2,15.0,1310.0,3,12.5,0.178,1
NE_1294,Oleic Acid,Labrasol,17.0,282.5,12.0,450.0,1,8.5,0.193,0
NE_1295,Oleic Acid,Tween 20,17.0,282.5,16.7,1227.0,1,10.85,0.248,0
NE_1296,Oleic Acid,Tween 20,17.0,282.5,16.7,1227.0,3,13.77,0.105,0
NE_1297,Castor Oil,Tween 20,14.0,933.4,16.7,1227.0,3,13.77,0.263,1
NE_1298,Oleic Acid,Tween 20,17.0,282.5,16.7,1227.0,1,10.85,0.26,0
NE_1299,Oleic Acid,Labrasol,17.0,282.5,12.0,450.0,3,10.25,0.286,0
NE_1300,Miglyol 812,Cremophor EL,15.0,520.0,13.5,2500.0,3,11.38,0.305,0
NE_1301,Oleic Acid,Tween 20,17.0,282.5,16.7,1227.0,2,12.8,0.434,0
NE_1302,Castor Oil,Cremophor EL,14.0,933.4,13.5,2500.0,3,11.38,0.113,0
NE_1303,Oleic Acid,Tween 80,17.0,282.5,15.0,1310.0,1,10.0,0.137,0
NE_1304,Capryol 90,Tween 20,11.5,172.2,16.7,1227.0,2,12.8,0.383,0
NE_1305,Castor Oil,Tween 20,14.0,933.4,16.7,1227.0,3,13.77,0.168,1
NE_1306,Miglyol 812,Labrasol,15.0,520.0,12.0,450.0,1,8.5,0.444,0
NE_1307,Miglyol 812,Tween 20,15.0,520.0,16.7,1227.0,1,10.85,0.374,0
NE_1308,Miglyol 812,Cremophor EL,15.0,520.0,13.5,2500.0,3,11.38,0.219,0
NE_1309,Miglyol 812,Labrasol,15.0,520.0,12.0,450.0,1,8.5,0.257,0
NE_1310,Castor Oil,Labrasol,14.0,933.4,12.0,450.0,2,9.67,0.223,0
NE_1311,Miglyol 812,Cremophor EL,15.0,520.0,13.5,2500.0,1,9.25,0.209,0
NE_1312,Castor Oil,Tween 20,14.0,933.4,16.7,1227.0,3,13.77,0.261,1
NE_1313,Oleic Acid,Tween 80,17.0,282.5,15.0,1310.0,2,11.67,0.384,0
NE_1314,Castor Oil,Cremophor EL,14.0,933.4,13.5,2500.0,2,10.67,0.396,0
NE_1315,Oleic Acid,Tween 20,17.0,282.5,16.7,1227.0,2,12.8,0.32,0
NE_1316,Castor Oil,Labrasol,14.0,933.4,12.0,450.0,1,8.5,0.158,0
NE_1317,Oleic Acid,Tween 20,17.0,282.5,16.7,1227.0,3,13.77,0.341,0
NE_1318,Capryol 90,Cremophor EL,11.5,172.2,13.5,2500.0,1,9.25,0.185,1
NE_1319,Miglyol 812,Cremophor EL,15.0,520.0,13.5,2500.0,3,11.38,0.242,0
NE_1320,Oleic Acid,Labrasol,17.0,282.5,12.0,450.0,1,8.5,0.391,0
NE_1321,Miglyol 812,Labrasol,15.0,520.0,12.0,450.0,3,10.25,0.209,0
NE_1322,Miglyol 812,Labrasol,15.0,520.0,12.0,450.0,1,8.5,0.102,0
NE_1323,Miglyol 812,Tween 80,15.0,520.0,15.0,1310.0,3,12.5,0.198,0
NE_1324,Miglyol 812,Tween 80,15.0,520.0,15.0,1310.0,1,10.0,0.196,0
NE_1325,Castor Oil,Cremophor EL,14.0,933.4,13.5,2500.0,2,10.67,0.249,0
NE_1326,Capryol 90,Tween 80,11.5,172.2,15.0,1310.0,2,11.67,0.114,1
NE_1327,Miglyol 812,Tween 80,15.0,520.0,15.0,1310.0,1,10.0,0.386,0
NE_1328,Castor Oil,Tween 20,14.0,933.4,16.7,1227.0,3,13.77,0.133,1
NE_1329,Capryol 90,Tween 20,11.5,172.2,16.7,1227.0,2,12.8,0.287,1
NE_1330,Capryol 90,Cremophor EL,11.5,172.2,13.5,2500.0,2,10.67,0.36,0
NE_1331,Castor Oil,Tween 20,14.0,933.4,16.7,1227.0,1,10.85,0.188,0
NE_1332,Castor Oil,Tween 80,14.0,933.4,15.0,1310.0,3,12.5,0.157,1
NE_1333,Oleic Acid,Cremophor EL,17.0,282.5,13.5,2500.0,3,11.38,0.335,0
NE_1334,Miglyol 812,Tween 20,15.0,520.0,16.7,1227.0,1,10.85,0.438,0
NE_1335,Miglyol 812,Labrasol,15.0,520.0,12.0,450.0,2,9.67,0.18,0
NE_1336,Capryol 90,Labrasol,11.5,172.2,12.0,450.0,1,8.5,0.366,0
NE_1337,Oleic Acid,Labrasol,17.0,282.5,12.0,450.0,3,10.25,0.141,0
NE_1338,Capryol 90,Labrasol,11.5,172.2,12.0,450.0,1,8.5,0.326,0
NE_1339,Oleic Acid,Tween 20,17.0,282.5,16.7,1227.0,2,12.8,0.416,0
NE_1340,Miglyol 812,Tween 20,15.0,520.0,16.7,1227.0,1,10.85,0.343,0
NE_1341,Miglyol 812,Cremophor EL,15.0,520.0,13.5,2500.0,2,10.67,0.104,0
NE_1342,Castor Oil,Cremophor EL,14.0,933.4,13.5,2500.0,3,11.38,0.271,0
NE_1343,Castor Oil,Tween 20,14.0,933.4,16.7,1227.0,3,13.77,0.255,1
NE_1344,Capryol 90,Cremophor EL,11.5,172.2,13.5,2500.0,3,11.38,0.158,1
NE_1345,Oleic Acid,Cremophor EL,17.0,282.5,13.5,2500.0,2,10.67,0.142,0
NE_1346,Capryol 90,Cremophor EL,11.5,172.2,13.5,2500.0,3,11.38,0.207,1
NE_1347,Capryol 90,Tween 20,11.5,172.2,16.7,1227.0,2,12.8,0.302,0
NE_1348,Oleic Acid,Tween 20,17.0,282.5,16.7,1227.0,2,12.8,0.283,0
NE_1349,Oleic Acid,Tween 20,17.0,282.5,16.7,1227.0,2,12.8,0.376,0
NE_1350,Miglyol 812,Cremophor EL,15.0,520.0,13.5,2500.0,3,11.38,0.159,0
NE_1351,Miglyol 812,Labrasol,15.0,520.0,12.0,450.0,2,9.67,0.384,0
NE_1352,Capryol 90,Tween 80,11.5,172.2,15.0,1310.0,2,11.67,0.152,1
NE_1353,Oleic Acid,Labrasol,17.0,282.5,12.0,450.0,3,10.25,0.321,0
NE_1354,Capryol 90,Labrasol,11.5,172.2,12.0,450.0,3,10.25,0.111,1
NE_1355,Miglyol 812,Tween 80,15.0,520.0,15.0,1310.0,2,11.67,0.224,0
NE_1356,Capryol 90,Labrasol,11.5,172.2,12.0,450.0,2,9.67,0.187,1
NE_1357,Miglyol 812,Cremophor EL,15.0,520.0,13.5,2500.0,2,10.67,0.24,0
NE_1358,Oleic Acid,Tween 80,17.0,282.5,15.0,1310.0,3,12.5,0.356,0
NE_1359,Capryol 90,Cremophor EL,11.5,172.2,13.5,2500.0,3,11.38,0.251,1
NE_1360,Castor Oil,Cremophor EL,14.0,933.4,13.5,2500.0,3,11.38,0.171,0
NE_1361,Miglyol 812,Tween 80,15.0,520.0,15.0,1310.0,1,10.0,0.397,0
NE_1362,Oleic Acid,Tween 20,17.0,282.5,16.7,1227.0,1,10.85,0.307,0
NE_1363,Castor Oil,Labrasol,14.0,933.4,12.0,450.0,2,9.67,0.356,0
NE_1364,Oleic Acid,Cremophor EL,17.0,282.5,13.5,2500.0,2,10.67,0.383,0
NE_1365,Miglyol 812,Tween 80,15.0,520.0,15.0,1310.0,2,11.67,0.442,0
NE_1366,Miglyol 812,Tween 20,15.0,520.0,16.7,1227.0,2,12.8,0.219,1
NE_1367,Oleic Acid,Cremophor EL,17.0,282.5,13.5,2500.0,3,11.38,0.376,0
NE_1368,Miglyol 812,Tween 20,15.0,520.0,16.7,1227.0,3,13.77,0.38,0
NE_1369,Oleic Acid,Cremophor EL,17.0,282.5,13.5,2500.0,2,10.67,0.135,0
NE_1370,Capryol 90,Cremophor EL,11.5,172.2,13.5,2500.0,2,10.67,0.324,0
NE_1371,Castor Oil,Labrasol,14.0,933.4,12.0,450.0,2,9.67,0.121,0
NE_1372,Miglyol 812,Labrasol,15.0,520.0,12.0,450.0,2,9.67,0.412,0
NE_1373,Miglyol 812,Tween 20,15.0,520.0,16.7,1227.0,1,10.85,0.357,0
NE_1374,Castor Oil,Labrasol,14.0,933.4,12.0,450.0,1,8.5,0.248,0
NE_1375,Capryol 90,Tween 80,11.5,172.2,15.0,1310.0,2,11.67,0.246,1
NE_1376,Oleic Acid,Labrasol,17.0,282.5,12.0,450.0,3,10.25,0.293,0
NE_1377,Castor Oil,Cremophor EL,14.0,933.4,13.5,2500.0,3,11.38,0.423,0
NE_1378,Miglyol 812,Tween 20,15.0,520.0,16.7,1227.0,1,10.85,0.148,0
NE_1379,Oleic Acid,Cremophor EL,17.0,282.5,13.5,2500.0,3,11.38,0.332,0
NE_1380,Castor Oil,Tween 80,14.0,933.4,15.0,1310.0,1,10.0,0.338,0
NE_1381,Capryol 90,Tween 20,11.5,172.2,16.7,1227.0,3,13.77,0.149,1
NE_1382,Oleic Acid,Cremophor EL,17.0,282.5,13.5,2500.0,3,11.38,0.151,0
NE_1383,Capryol 90,Labrasol,11.5,172.2,12.0,450.0,2,9.67,0.342,0
NE_1384,Oleic Acid,Labrasol,17.0,282.5,12.0,450.0,3,10.25,0.214,0
NE_1385,Capryol 90,Tween 20,11.5,172.2,16.7,1227.0,1,10.85,0.351,0
NE_1386,Oleic Acid,Labrasol,17.0,282.5,12.0,450.0,3,10.25,0.36,0
NE_1387,Oleic Acid,Labrasol,17.0,282.5,12.0,450.0,2,9.67,0.361,0
NE_1388,Capryol 90,Tween 80,11.5,172.2,15.0,1310.0,3,12.5,0.271,1
NE_1389,Castor Oil,Labrasol,14.0,933.4,12.0,450.0,3,10.25,0.301,0
NE_1390,Castor Oil,Tween 80,14.0,933.4,15.0,1310.0,1,10.0,0.137,0
NE_1391,Capryol 90,Labrasol,11.5,172.2,12.0,450.0,3,10.25,0.357,0
NE_1392,Miglyol 812,Tween 20,15.0,520.0,16.7,1227.0,1,10.85,0.264,0
NE_1393,Oleic Acid,Tween 80,17.0,282.5,15.0,1310.0,2,11.67,0.431,0
NE_1394,Capryol 90,Cremophor EL,11.5,172.2,13.5,2500.0,3,11.38,0.141,1
NE_1395,Capryol 90,Tween 80,11.5,172.2,15.0,1310.0,1,10.0,0.312,0
NE_1396,Oleic Acid,Labrasol,17.0,282.5,12.0,450.0,1,8.5,0.33,0
NE_1397,Capryol 90,Cremophor EL,11.5,172.2,13.5,2500.0,2,10.67,0.167,1
NE_1398,Miglyol 812,Labrasol,15.0,520.0,12.0,450.0,1,8.5,0.199,0
NE_1399,Oleic Acid,Tween 80,17.0,282.5,15.0,1310.0,3,12.5,0.305,0
NE_1400,Castor Oil,Labrasol,14.0,933.4,12.0,450.0,1,8.5,0.421,0
NE_1401,Oleic Acid,Tween 20,17.0,282.5,16.7,1227.0,2,12.8,0.335,0
NE_1402,Capryol 90,Tween 20,11.5,172.2,16.7,1227.0,3,13.77,0.357,0
NE_1403,Miglyol 812,Labrasol,15.0,520.0,12.0,450.0,3,10.25,0.308,0
NE_1404,Miglyol 812,Labrasol,15.0,520.0,12.0,450.0,1,8.5,0.431,0
NE_1405,Oleic Acid,Cremophor EL,17.0,282.5,13.5,2500.0,2,10.67,0.393,0
NE_1406,Miglyol 812,Labrasol,15.0,520.0,12.0,450.0,1,8.5,0.336,0
NE_1407,Oleic Acid,Cremophor EL,17.0,282.5,13.5,2500.0,3,11.38,0.324,0
NE_1408,Oleic Acid,Labrasol,17.0,282.5,12.0,450.0,2,9.67,0.286,0
NE_1409,Miglyol 812,Tween 80,15.0,520.0,15.0,1310.0,2,11.67,0.354,0
NE_1410,Oleic Acid,Tween 80,17.0,282.5,15.0,1310.0,2,11.67,0.238,0
NE_1411,Capryol 90,Tween 20,11.5,172.2,16.7,1227.0,2,12.8,0.326,0
NE_1412,Castor Oil,Labrasol,14.0,933.4,12.0,450.0,1,8.5,0.308,0
NE_1413,Castor Oil,Labrasol,14.0,933.4,12.0,450.0,1,8.5,0.322,0
NE_1414,Castor Oil,Tween 20,14.0,933.4,16.7,1227.0,2,12.8,0.278,1
NE_1415,Castor Oil,Tween 20,14.0,933.4,16.7,1227.0,2,12.8,0.357,0
NE_1416,Miglyol 812,Tween 80,15.0,520.0,15.0,1310.0,1,10.0,0.241,0
NE_1417,Miglyol 812,Tween 80,15.0,520.0,15.0,1310.0,3,12.5,0.308,0
NE_1418,Oleic Acid,Cremophor EL,17.0,282.5,13.5,2500.0,3,11.38,0.223,0
NE_1419,Capryol 90,Labrasol,11.5,172.2,12.0,450.0,1,8.5,0.146,0
NE_1420,Capryol 90,Labrasol,11.5,172.2,12.0,450.0,1,8.5,0.131,0
NE_1421,Capryol 90,Cremophor EL,11.5,172.2,13.5,2500.0,1,9.25,0.151,1
NE_1422,Capryol 90,Tween 80,11.5,172.2,15.0,1310.0,3,12.5,0.181,1
NE_1423,Capryol 90,Tween 20,11.5,172.2,16.7,1227.0,3,13.77,0.107,1
NE_1424,Miglyol 812,Labrasol,15.0,520.0,12.0,450.0,2,9.67,0.314,0
NE_1425,Oleic Acid,Tween 80,17.0,282.5,15.0,1310.0,1,10.0,0.331,0
NE_1426,Oleic Acid,Tween 80,17.0,282.5,15.0,1310.0,3,12.5,0.176,0
NE_1427,Oleic Acid,Tween 20,17.0,282.5,16.7,1227.0,3,13.77,0.279,0
NE_1428,Oleic Acid,Labrasol,17.0,282.5,12.0,450.0,1,8.5,0.119,0
NE_1429,Oleic Acid,Tween 80,17.0,282.5,15.0,1310.0,1,10.0,0.282,0
NE_1430,Oleic Acid,Tween 80,17.0,282.5,15.0,1310.0,3,12.5,0.112,0
NE_1431,Oleic Acid,Tween 80,17.0,282.5,15.0,1310.0,1,10.0,0.19,0
NE_1432,Miglyol 812,Cremophor EL,15.0,520.0,13.5,2500.0,3,11.38,0.258,0
NE_1433,Capryol 90,Cremophor EL,11.5,172.2,13.5,2500.0,1,9.25,0.298,1
NE_1434,Capryol 90,Tween 80,11.5,172.2,15.0,1310.0,1,10.0,0.18,1
NE_1435,Oleic Acid,Cremophor EL,17.0,282.5,13.5,2500.0,3,11.38,0.386,0
NE_1436,Oleic Acid,Tween 20,17.0,282.5,16.7,1227.0,2,12.8,0.324,0
NE_1437,Miglyol 812,Tween 80,15.0,520.0,15.0,1310.0,3,12.5,0.428,0
NE_1438,Castor Oil,Labrasol,14.0,933.4,12.0,450.0,1,8.5,0.291,0
NE_1439,Castor Oil,Cremophor EL,14.0,933.4,13.5,2500.0,2,10.67,0.283,0
NE_1440,Oleic Acid,Tween 80,17.0,282.5,15.0,1310.0,1,10.0,0.122,0
NE_1441,Oleic Acid,Tween 20,17.0,282.5,16.7,1227.0,1,10.85,0.3,0
NE_1442,Miglyol 812,Tween 80,15.0,520.0,15.0,1310.0,2,11.67,0.251,0
NE_1443,Castor Oil,Cremophor EL,14.0,933.4,13.5,2500.0,1,9.25,0.293,0
NE_1444,Capryol 90,Tween 20,11.5,172.2,16.7,1227.0,3,13.77,0.265,1
NE_1445,Miglyol 812,Labrasol,15.0,520.0,12.0,450.0,2,9.67,0.39,0
NE_1446,Castor Oil,Tween 20,14.0,933.4,16.7,1227.0,3,13.77,0.25,1
NE_1447,Miglyol 812,Labrasol,15.0,520.0,12.0,450.0,1,8.5,0.122,0
NE_1448,Capryol 90,Tween 20,11.5,172.2,16.7,1227.0,1,10.85,0.235,1
NE_1449,Castor Oil,Tween 20,14.0,933.4,16.7,1227.0,1,10.85,0.352,0
NE_1450,Oleic Acid,Tween 80,17.0,282.5,15.0,1310.0,3,12.5,0.182,0
NE_1451,Miglyol 812,Tween 20,15.0,520.0,16.7,1227.0,1,10.85,0.342,0
NE_1452,Oleic Acid,Labrasol,17.0,282.5,12.0,450.0,2,9.67,0.393,0
NE_1453,Miglyol 812,Labrasol,15.0,520.0,12.0,450.0,1,8.5,0.149,0
NE_1454,Capryol 90,Labrasol,11.5,172.2,12.0,450.0,1,8.5,0.437,0
NE_1455,Oleic Acid,Cremophor EL,17.0,282.5,13.5,2500.0,1,9.25,0.12,0
NE_1456,Oleic Acid,Cremophor EL,17.0,282.5,13.5,2500.0,1,9.25,0.133,0
NE_1457,Oleic Acid,Tween 20,17.0,282.5,16.7,1227.0,1,10.85,0.37,0
NE_1458,Castor Oil,Tween 20,14.0,933.4,16.7,1227.0,2,12.8,0.102,1
NE_1459,Castor Oil,Labrasol,14.0,933.4,12.0,450.0,1,8.5,0.291,0
NE_1460,Oleic Acid,Cremophor EL,17.0,282.5,13.5,2500.0,2,10.67,0.296,0
NE_1461,Capryol 90,Tween 80,11.5,172.2,15.0,1310.0,3,12.5,0.287,1
NE_1462,Miglyol 812,Cremophor EL,15.0,520.0,13.5,2500.0,3,11.38,0.126,0
NE_1463,Oleic Acid,Tween 20,17.0,282.5,16.7,1227.0,2,12.8,0.419,0
NE_1464,Castor Oil,Cremophor EL,14.0,933.4,13.5,2500.0,1,9.25,0.357,0
NE_1465,Castor Oil,Labrasol,14.0,933.4,12.0,450.0,3,10.25,0.295,0
NE_1466,Miglyol 812,Tween 20,15.0,520.0,16.7,1227.0,3,13.77,0.235,1
NE_1467,Oleic Acid,Tween 20,17.0,282.5,16.7,1227.0,3,13.77,0.249,0
NE_1468,Miglyol 812,Tween 80,15.0,520.0,15.0,1310.0,3,12.5,0.22,0
NE_1469,Castor Oil,Labrasol,14.0,933.4,12.0,450.0,3,10.25,0.193,0
NE_1470,Capryol 90,Labrasol,11.5,172.2,12.0,450.0,2,9.67,0.241,1
NE_1471,Miglyol 812,Tween 20,15.0,520.0,16.7,1227.0,2,12.8,0.111,1
NE_1472,Oleic Acid,Tween 20,17.0,282.5,16.7,1227.0,2,12.8,0.371,0
NE_1473,Oleic Acid,Tween 80,17.0,282.5,15.0,1310.0,3,12.5,0.433,0
NE_1474,Oleic Acid,Tween 80,17.0,282.5,15.0,1310.0,2,11.67,0.233,0
NE_1475,Miglyol 812,Tween 20,15.0,520.0,16.7,1227.0,2,12.8,0.219,1
NE_1476,Castor Oil,Cremophor EL,14.0,933.4,13.5,2500.0,2,10.67,0.33,0
NE_1477,Oleic Acid,Cremophor EL,17.0,282.5,13.5,2500.0,1,9.25,0.378,0
NE_1478,Capryol 90,Tween 20,11.5,172.2,16.7,1227.0,2,12.8,0.378,0
NE_1479,Oleic Acid,Labrasol,17.0,282.5,12.0,450.0,2,9.67,0.284,0
NE_1480,Oleic Acid,Labrasol,17.0,282.5,12.0,450.0,2,9.67,0.401,0
NE_1481,Castor Oil,Cremophor EL,14.0,933.4,13.5,2500.0,1,9.25,0.247,0
NE_1482,Miglyol 812,Tween 20,15.0,520.0,16.7,1227.0,2,12.8,0.125,1
NE_1483,Castor Oil,Tween 20,14.0,933.4,16.7,1227.0,2,12.8,0.376,0
NE_1484,Capryol 90,Tween 20,11.5,172.2,16.7,1227.0,3,13.77,0.351,0
NE_1485,Capryol 90,Cremophor EL,11.5,172.2,13.5,2500.0,3,11.38,0.251,1
NE_1486,Castor Oil,Labrasol,14.0,933.4,12.0,450.0,3,10.25,0.289,0
NE_1487,Capryol 90,Tween 80,11.5,172.2,15.0,1310.0,1,10.0,0.322,0
NE_1488,Capryol 90,Tween 80,11.5,172.2,15.0,1310.0,2,11.67,0.149,1
NE_1489,Oleic Acid,Tween 80,17.0,282.5,15.0,1310.0,1,10.0,0.368,0
NE_1490,Miglyol 812,Tween 80,15.0,520.0,15.0,1310.0,2,11.67,0.301,0
NE_1491,Miglyol 812,Tween 20,15.0,520.0,16.7,1227.0,1,10.85,0.436,0
NE_1492,Castor Oil,Cremophor EL,14.0,933.4,13.5,2500.0,1,9.25,0.354,0
NE_1493,Castor Oil,Tween 20,14.0,933.4,16.7,1227.0,2,12.8,0.111,1
NE_1494,Oleic Acid,Tween 80,17.0,282.5,15.0,1310.0,3,12.5,0.326,0
NE_1495,Oleic Acid,Cremophor EL,17.0,282.5,13.5,2500.0,1,9.25,0.135,0
NE_1496,Capryol 90,Cremophor EL,11.5,172.2,13.5,2500.0,2,10.67,0.411,0
NE_1497,Oleic Acid,Labrasol,17.0,282.5,12.0,450.0,1,8.5,0.149,0
NE_1498,Oleic Acid,Tween 20,17.0,282.5,16.7,1227.0,2,12.8,0.341,0
NE_1499,Miglyol 812,Tween 20,15.0,520.0,16.7,1227.0,1,10.85,0.129,0
NE_1500,Miglyol 812,Tween 20,15.0,520.0,16.7,1227.0,2,12.8,0.341,0
